date,S_news,S_italia,S_lombardia,S_sintomi,S_contagi,S_casi,S_morti,S_bollettino,S_roma,S_dati,S_mondo,S_mappa,S_sicilia,S_veneto,S_campania,S_decreto,S_milano,S_piemonte
2019-12-06,0.0,0.0,0.0,0.0,0.0,0.0,0.0,0.0,0.0,0.0,0.0,0.0,0.0,0.0,0.0,0.0,0.0,0.0
2019-12-07,0.0,0.0,0.0,0.0,0.0,0.0,0.0,0.0,0.0,0.0,0.0,0.0,0.0,0.0,0.0,0.0,0.0,0.0
2019-12-08,0.0,0.0,0.0,0.0,0.0,0.0,0.0,0.0,0.0,0.0,0.0,0.0,0.0,0.0,0.0,0.0,0.0,0.0
2019-12-09,0.0,0.0,0.0,0.0,0.0,0.0,0.0,0.0,0.0,0.0,0.0,0.0,0.0,0.0,0.0,0.0,0.0,0.0
2019-12-10,0.0,0.0,0.0,0.0,0.0,0.0,0.0,0.0,0.0,0.0,0.0,0.0,0.0,0.0,0.0,0.0,0.0,0.0
2019-12-11,0.0,0.0,0.0,0.0,0.0,0.0,0.0,0.0,0.0,0.0,0.0,0.0,0.0,0.0,0.0,0.0,0.0,0.0
2019-12-12,0.0,0.0,0.0,0.0,0.0,0.0,0.0,0.0,0.0,0.0,0.0,0.0,0.0,0.0,0.0,0.0,0.0,0.0
2019-12-13,0.0,0.0,0.0,0.0,0.0,0.0,0.0,0.0,0.0,0.0,0.0,0.0,0.0,0.0,0.0,0.0,0.0,0.0
2019-12-14,0.0,0.0,0.0,0.0,0.0,0.0,0.0,0.0,0.0,0.0,0.0,0.0,0.0,0.0,0.0,0.0,0.0,0.0
2019-12-15,0.0,0.0,0.0,0.0,0.0,0.0,0.0,0.0,0.0,0.0,0.0,0.0,0.0,0.0,0.0,0.0,0.0,0.0
2019-12-16,0.0,0.0,0.0,0.0,0.0,0.0,0.0,0.0,0.0,0.0,0.0,0.0,0.0,0.0,0.0,0.0,0.0,0.0
2019-12-17,0.0,0.0,0.0,0.0,0.0,0.0,0.0,0.0,0.0,0.0,0.0,0.0,0.0,0.0,0.0,0.0,0.0,0.0
2019-12-18,0.0,0.0,0.0,0.0,0.0,0.0,0.0,0.0,0.0,0.0,0.0,0.0,0.0,0.0,0.0,0.0,0.0,0.0
2019-12-19,0.0,0.0,0.0,0.0,0.0,0.0,0.0,0.0,0.0,0.0,0.0,0.0,0.0,0.0,0.0,0.0,0.0,0.0
2019-12-20,0.0,0.0,0.0,0.0,0.0,0.0,0.0,0.0,0.0,0.0,0.0,0.0,0.0,0.0,0.0,0.0,0.0,0.0
2019-12-21,0.0,0.0,0.0,0.0,0.0,0.0,0.0,0.0,0.0,0.0,0.0,0.0,0.0,0.0,0.0,0.0,0.0,0.0
2019-12-22,0.0,0.0,0.0,0.0,0.0,0.0,0.0,0.0,0.0,0.0,0.0,0.0,0.0,0.0,0.0,0.0,0.0,0.0
2019-12-23,0.0,0.0,0.0,0.0,0.0,0.0,0.0,0.0,0.0,0.0,0.0,0.0,0.0,0.0,0.0,0.0,0.0,0.0
2019-12-24,0.0,0.0,0.0,0.0,0.0,0.0,0.0,0.0,0.0,0.0,0.0,0.0,0.0,0.0,0.0,0.0,0.0,0.0
2019-12-25,0.0,0.0,0.0,0.0,0.0,0.0,0.0,0.0,0.0,0.0,0.0,0.0,0.0,0.0,0.0,0.0,0.0,0.0
2019-12-26,0.0,0.0,0.0,0.0,0.0,0.0,0.0,0.0,0.0,0.0,0.0,0.0,0.0,0.0,0.0,0.0,0.0,0.0
2019-12-27,0.0,0.0,0.0,0.0,0.0,0.0,0.0,0.0,0.0,0.0,0.0,0.0,0.0,0.0,0.0,0.0,0.0,0.0
2019-12-28,0.0,0.0,0.0,0.0,0.0,0.0,0.0,0.0,0.0,0.0,0.0,0.0,0.0,0.0,0.0,0.0,0.0,0.0
2019-12-29,0.0,0.0,0.0,0.0,0.0,0.0,0.0,0.0,0.0,0.0,0.0,0.0,0.0,0.0,0.0,0.0,0.0,0.0
2019-12-30,0.0,0.0,0.0,0.0,0.0,0.0,0.0,0.0,0.0,0.0,0.0,0.0,0.0,0.0,0.0,0.0,0.0,0.0
2019-12-31,0.0,0.0,0.0,0.0,0.0,0.0,0.0,0.0,0.0,0.0,0.0,0.0,0.0,0.0,0.0,0.0,0.0,0.0
2020-01-01,0.0,0.0,0.0,0.0,0.0,0.0,0.0,0.0,0.0,0.0,0.0,0.0,0.0,0.0,0.0,0.0,0.0,0.0
2020-01-02,0.0,0.0,0.0,0.0,0.0,0.0,0.0,0.0,0.0,0.0,0.0,0.0,0.0,0.0,0.0,0.0,0.0,0.0
2020-01-03,0.0,0.0,0.0,0.0,0.0,0.0,0.0,0.0,0.0,0.0,0.0,0.0,0.0,0.0,0.0,0.0,0.0,0.0
2020-01-04,0.0,0.0,0.0,0.0,0.0,0.0,0.0,0.0,0.0,0.0,0.0,0.0,0.0,0.0,0.0,0.0,0.0,0.0
2020-01-05,0.0,0.0,0.0,0.0,0.0,0.0,0.0,0.0,0.0,0.0,0.0,0.0,0.0,0.0,0.0,0.0,0.0,0.0
2020-01-06,0.0,0.0,0.0,0.0,0.0,0.0,0.0,0.0,0.0,0.0,0.0,0.0,0.0,0.0,0.0,0.0,0.0,0.0
2020-01-07,0.0,0.0,0.0,0.0,0.0,0.0,0.0,0.0,0.0,0.0,0.0,0.0,0.0,0.0,0.0,0.0,0.0,0.0
2020-01-08,0.0,0.0,0.0,0.0,0.0,0.0,0.0,0.0,0.0,0.0,0.0,0.0,0.0,0.0,0.0,0.0,0.0,0.0
2020-01-09,0.0,0.0,0.0,0.0,0.0,0.0,0.0,0.0,0.0,0.0,0.0,0.0,0.0,0.0,0.0,0.0,0.0,0.0
2020-01-10,0.0,0.0,0.0,0.0,0.0,0.0,0.0,0.0,0.0,0.0,0.0,0.0,0.0,0.0,0.0,0.0,0.0,0.0
2020-01-11,0.0,0.0,0.0,0.0,0.0,0.0,0.0,0.0,0.0,0.0,0.0,0.0,0.0,0.0,0.0,0.0,0.0,0.0
2020-01-12,0.0,0.0,0.0,0.0,0.0,0.0,0.0,0.0,0.0,0.0,0.0,0.0,0.0,0.0,0.0,0.0,0.0,0.0
2020-01-13,0.0,0.0,0.0,0.0,0.0,0.0,0.0,0.0,0.0,0.0,0.0,0.0,0.0,0.0,0.0,0.0,0.0,0.0
2020-01-14,0.0,0.0,0.0,0.0,0.0,0.0,0.0,0.0,0.0,0.0,0.0,0.0,0.0,0.0,0.0,0.0,0.0,0.0
2020-01-15,0.0,0.0,0.0,0.0,0.0,0.0,0.0,0.0,0.0,0.0,0.0,0.0,0.0,0.0,0.0,0.0,0.0,0.0
2020-01-16,0.0,0.0,0.0,0.0,0.0,0.0,0.0,0.0,0.0,0.0,0.0,0.0,0.0,0.0,0.0,0.0,0.0,0.0
2020-01-17,0.0,0.0,0.0,0.0,0.0,0.0,0.0,0.0,0.0,0.0,0.0,0.0,0.0,0.0,0.0,0.0,0.0,0.0
2020-01-18,0.0,0.0,0.0,0.0,0.0,0.0,0.0,0.0,0.0,0.0,0.0,0.0,0.0,0.0,0.0,0.0,0.0,0.0
2020-01-19,0.0,0.0,0.0,0.0,0.0,0.0,0.0,0.0,0.0,0.0,0.0,0.0,0.0,0.0,0.0,0.0,0.0,0.0
2020-01-20,0.0,0.0,0.0,0.0,0.0,0.0,0.0,0.0,0.0,0.0,0.0,0.0,0.0,0.0,0.0,0.0,0.0,0.0
2020-01-21,0.0,0.0,0.0,0.03292897606994938,0.0,0.0,0.0,0.0,0.0,0.0,0.0,0.0,0.0,0.0,0.0,0.0,0.0,0.0
2020-01-22,0.0,0.0,0.0,0.06585795213989877,0.0,0.0,0.0,0.0,0.0,0.0,0.012244292989406878,0.0,0.0,0.0,0.0,0.0,0.0,0.0
2020-01-23,0.0234,0.13,0.0,0.19757385641969635,0.0,0.0,0.018914691409009133,0.0,0.01836643948411032,0.0,0.012244292989406878,0.0,0.0,0.0,0.0,0.0,0.0,0.0
2020-01-24,0.04415094339622642,0.13,0.0,0.19757385641969635,0.0,0.025560393795958286,0.018914691409009133,0.0,0.01836643948411032,0.0,0.012244292989406878,0.0,0.0,0.0,0.0,0.0,0.0,0.0
2020-01-25,0.171467188219052,0.13,0.0,0.3951477128393927,0.0,0.025560393795958286,0.037829382818018266,0.0,0.03673287896822063,0.0,0.012244292989406878,0.0,0.0,0.0,0.0,0.0,0.0,0.0
2020-01-26,0.2835836631385182,0.26,0.0,0.4610056649792914,0.0,0.025560393795958286,0.0567440742270274,0.0,0.03673287896822063,0.011019863690466187,0.012244292989406878,0.019131707795948246,0.011287707599609464,0.0,0.0,0.0,0.10078310356794164,0.0
2020-01-27,0.2601836631385182,0.26,0.0,0.428076688909342,0.021074544684767608,0.05112078759191657,0.09457345704504566,0.0,0.01836643948411032,0.011019863690466187,0.02448858597881376,0.038263415591896485,0.011287707599609464,0.0,0.014674019879492304,0.0,0.050391551783970825,0.0
2020-01-28,0.5742099401748735,0.65,0.0,0.9220113299585828,0.021074544684767608,0.10224157518383314,0.1134881484540548,0.0,0.05509931845233095,0.011019863690466187,0.02448858597881376,0.13392195457163772,0.011287707599609464,0.02821926899902366,0.0,0.0,0.050391551783970825,0.0
2020-01-29,0.5649328578002761,0.52,0.0,0.7244374735388864,0.021074544684767608,0.10224157518383314,0.1702322226810822,0.0,0.14693151587288253,0.011019863690466187,0.03673287896822063,0.11479024677568947,0.011287707599609464,0.0,0.0,0.0,0.050391551783970825,0.0
2020-01-30,0.996169121030833,2.34,0.0,1.5147328992176716,0.021074544684767608,0.5878890573070406,0.3593791367711735,0.01267284324403612,1.046887050594288,0.022039727380932374,0.07346575793644126,0.2487122013473272,0.011287707599609464,0.02821926899902366,0.014674019879492304,0.0,0.1511746553519125,0.017133127606550082
2020-01-31,1.9013872986654397,2.99,0.0,2.5684601334560515,0.021074544684767608,0.5878890573070406,0.6052701250882923,0.01267284324403612,1.395849400792384,0.03305959107139857,0.09795434391525502,0.4017658637149132,0.03386312279882839,0.19753488299316566,0.014674019879492304,0.0,0.2519577589198541,0.017133127606550082
2020-02-01,1.547808237459733,1.4300000000000002,0.042337254947077775,0.7244374735388864,0.021074544684767608,0.30672472555149943,0.3972085195891918,0.01267284324403612,0.4775274265868682,0.04407945476186476,0.07346575793644126,0.2487122013473272,0.022575415199218928,0.05643853799804732,0.014674019879492304,0.0,0.1511746553519125,0.017133127606550082
2020-02-02,1.0945772664519098,0.65,0.0,0.3622187367694432,0.021074544684767608,0.12780196897979146,0.2458909883171187,0.01267284324403612,0.2020308343252135,0.011019863690466187,0.061221464947034385,0.15305366236758594,0.011287707599609464,0.02821926899902366,0.014674019879492304,0.0,0.050391551783970825,0.0
2020-02-03,0.7668426599171652,0.39,0.0,0.2305028324896457,0.021074544684767608,0.07668118138787486,0.2269762969081096,0.01267284324403612,0.1285650763887722,0.022039727380932374,0.04897717195762751,0.15305366236758594,0.011287707599609464,0.02821926899902366,0.0,0.0,0.050391551783970825,0.0
2020-02-04,0.8848818223653936,0.39,0.0,0.19757385641969635,0.021074544684767608,0.10224157518383314,0.2458909883171187,0.01267284324403612,0.14693151587288253,0.022039727380932374,0.03673287896822063,0.09565853897974123,0.011287707599609464,0.02821926899902366,0.014674019879492304,0.0,0.050391551783970825,0.0
2020-02-05,0.7902426599171652,0.39,0.0,0.13171590427979754,0.021074544684767608,0.07668118138787486,0.15131753127207306,0.01267284324403612,0.1285650763887722,0.011019863690466187,0.04897717195762751,0.11479024677568947,0.0,0.0,0.0,0.0,0.050391551783970825,0.0
2020-02-06,0.7364000460193281,0.39,0.0,0.13171590427979754,0.021074544684767608,0.05112078759191657,0.18914691409009127,0.01267284324403612,0.14693151587288253,0.011019863690466187,0.03673287896822063,0.09565853897974123,0.0,0.0,0.0,0.0,0.050391551783970825,0.0
2020-02-07,0.7668426599171652,0.39,0.0,0.16464488034974692,0.021074544684767608,0.07668118138787486,0.2458909883171187,0.01267284324403612,0.09183219742055157,0.022039727380932374,0.02448858597881376,0.11479024677568947,0.011287707599609464,0.0,0.014674019879492304,0.0,0.050391551783970825,0.0
2020-02-08,0.7156491026231018,0.26,0.0,0.16464488034974692,0.021074544684767608,0.07668118138787486,0.20806160549910047,0.01267284324403612,0.09183219742055157,0.011019863690466187,0.03673287896822063,0.09565853897974123,0.0,0.0,0.0,0.0,0.050391551783970825,0.017133127606550082
2020-02-09,0.6688491026231017,0.26,0.0,0.13171590427979754,0.021074544684767608,0.05112078759191657,0.20806160549910047,0.01267284324403612,0.09183219742055157,0.011019863690466187,0.02448858597881376,0.09565853897974123,0.0,0.0,0.0,0.0,0.050391551783970825,0.0
2020-02-10,0.7364000460193281,0.26,0.0,0.16464488034974692,0.021074544684767608,0.07668118138787486,0.1702322226810822,0.01267284324403612,0.09183219742055157,0.011019863690466187,0.02448858597881376,0.13392195457163772,0.011287707599609464,0.02821926899902366,0.014674019879492304,0.0,0.050391551783970825,0.0
2020-02-11,0.7630736769443167,0.26,0.0,0.16464488034974692,0.021074544684767608,0.05112078759191657,0.18914691409009127,0.01267284324403612,0.09183219742055157,0.022039727380932374,0.02448858597881376,0.17218537016353422,0.0,0.0,0.0,0.0,0.050391551783970825,0.0
2020-02-12,0.7668426599171652,0.26,0.0,0.13171590427979754,0.021074544684767608,0.05112078759191657,0.18914691409009127,0.01267284324403612,0.07346575793644126,0.022039727380932374,0.02448858597881376,0.11479024677568947,0.011287707599609464,0.0,0.0,0.0,0.050391551783970825,0.0
2020-02-13,0.7015261849976991,0.26,0.0,0.09878692820984816,0.021074544684767608,0.05112078759191657,0.2269762969081096,0.01267284324403612,0.07346575793644126,0.022039727380932374,0.03673287896822063,0.13392195457163772,0.011287707599609464,0.0,0.0,0.0,0.050391551783970825,0.0
2020-02-14,0.6688491026231017,0.26,0.0,0.09878692820984816,0.021074544684767608,0.05112078759191657,0.20806160549910047,0.0,0.03673287896822063,0.022039727380932374,0.02448858597881376,0.09565853897974123,0.0,0.02821926899902366,0.0,0.0,0.050391551783970825,0.0
2020-02-15,0.624283571099862,0.26,0.0,0.13171590427979754,0.021074544684767608,0.05112078759191657,0.26480567972612784,0.0,0.05509931845233095,0.03305959107139857,0.02448858597881376,0.13392195457163772,0.0,0.0,0.0,0.0,0.050391551783970825,0.0
2020-02-16,0.47621638288081003,0.13,0.0,0.09878692820984816,0.021074544684767608,0.025560393795958286,0.20806160549910047,0.01267284324403612,0.03673287896822063,0.011019863690466187,0.03673287896822063,0.09565853897974123,0.011287707599609464,0.0,0.0,0.0,0.0,0.0
2020-02-17,0.647683571099862,0.13,0.0,0.06585795213989877,0.021074544684767608,0.05112078759191657,0.1702322226810822,0.0,0.05509931845233095,0.022039727380932374,0.03673287896822063,0.11479024677568947,0.011287707599609464,0.0,0.0,0.0,0.050391551783970825,0.017133127606550082
2020-02-18,0.5534589967786471,0.13,0.0,0.09878692820984816,0.021074544684767608,0.025560393795958286,0.20806160549910047,0.0,0.01836643948411032,0.022039727380932374,0.02448858597881376,0.11479024677568947,0.0,0.0,0.0,0.0,0.050391551783970825,0.0
2020-02-19,0.5203673262770364,0.13,0.0,0.06585795213989877,0.021074544684767608,0.025560393795958286,0.1702322226810822,0.01267284324403612,0.03673287896822063,0.022039727380932374,0.02448858597881376,0.07652683118379297,0.0,0.0,0.0,0.0,0.0,0.0
2020-02-20,0.47621638288081003,0.13,0.0,0.06585795213989877,0.021074544684767608,0.025560393795958286,0.1702322226810822,0.0,0.03673287896822063,0.011019863690466187,0.012244292989406878,0.07652683118379297,0.011287707599609464,0.0,0.0,0.0,0.050391551783970825,0.0
2020-02-21,3.6225687528762087,4.68,2.540235296824666,2.239170372756558,0.2318199915324437,0.8690533890625818,0.6620141993153197,0.01267284324403612,0.3122294712298754,0.06611918214279712,0.2693744457669513,0.6887414806541369,0.045150830398437855,0.8747973389697334,0.058696079517969214,0.0,2.015662071358833,0.034266255213100165
2020-02-22,9.313689967786472,10.27,3.4293176507132994,2.6672470616658996,0.5479381618039578,1.4569424463696223,1.2105402501765845,0.01267284324403612,0.7713904583326333,0.07713904583326332,0.5387488915339026,1.1096390521649984,0.2257541519921893,2.201102981923845,0.14674019879492306,0.13756893637024034,3.9305410391497237,0.633925721442353
2020-02-23,16.036026461113668,13.0,4.2337254947077785,2.8318919420156465,1.0537272342383803,2.5560393795958287,1.3240283986306394,0.03801852973210836,1.561147356149377,0.15427809166652665,1.0530091970889914,1.7409854094312904,0.4515083039843786,2.8219268999023663,0.4695686361437537,0.3668504969873076,5.039155178397083,1.7133127606550085
2020-02-24,20.199271974229177,12.35,2.4978980418775887,1.876951635987115,0.9062054214450072,2.2748750478402875,1.2483696329946028,0.07603705946421671,1.5978802351175976,0.17631781904745902,0.7224132863750058,1.6070634548596527,0.6546870407773488,1.8906910229345848,0.8070710933720767,0.22928156061706725,3.0234931070382496,1.3363839533109063
2020-02-25,17.664900138057988,10.14,1.7781647077772669,1.2183721145881272,0.7376090639668663,1.8147879595130385,0.9268198790414476,0.05069137297614448,1.3223836428559428,0.13223836428559427,0.5754817705021232,1.2818244223285324,1.1287707599609464,1.495621256948254,0.3815245168667999,0.1834252484936538,1.713312760655008,0.7709907422947537
2020-02-26,14.303215002300966,7.9300000000000015,1.4818039231477218,0.8890823538886334,0.6743854299125634,1.4569424463696223,0.5485260508612648,0.03801852973210836,0.8999555347214054,0.11019863690466188,0.4285502546292407,1.0331122209812054,0.6546870407773488,1.2980863739550883,1.4674019879492304,0.22928156061706725,1.1590056910313289,0.633925721442353
2020-02-27,11.60739608835711,6.76,1.270117648412333,0.8232244017487347,0.5690127064887254,1.2780196897979144,0.7187582735423471,0.03801852973210836,0.6611918214279714,0.11019863690466188,0.35508449669279946,0.8417951430217229,0.5418099647812542,1.1005514909619227,1.364683848792784,0.13756893637024034,1.0582225874633873,0.8909226355406042
2020-02-28,10.319766129774507,5.7200000000000015,1.7781647077772669,0.6585795213989877,0.5057890724344226,1.0224157518383314,0.4917819766342375,0.0633642162201806,0.5877260634915301,0.11019863690466188,0.3428402037033926,0.7270048962460334,0.3724943507871123,0.987674414965828,0.6896789343361382,0.0917126242468269,0.9574394838954456,1.1650526772454055
2020-02-29,10.093336401288543,5.2,1.8205019627243444,0.6915084974689371,0.5268636171191902,1.0990969332262064,0.5863554336792831,0.05069137297614448,0.7530240188485229,0.12121850059512808,0.3183516177245788,0.6887414806541369,0.2483295671914082,1.7495946779394669,0.9684853120464921,0.3668504969873076,0.9574394838954456,1.4563158465567567
2020-03-01,9.107225080533825,5.07,1.1854431385181776,0.8232244017487347,0.6111617958582606,1.2268989022059975,0.5863554336792831,0.0633642162201806,0.9550548531737364,0.15427809166652665,0.41630596163983385,0.7461366040419816,0.3273435203886744,0.9312358769677808,1.115225510841415,0.6419883697277883,0.9070479321114748,0.7538576146882037
2020-03-02,8.251585181776347,4.8100000000000005,0.7620705890474001,1.0537272342383803,0.6111617958582606,1.1502177208181228,0.5296113594522557,0.0633642162201806,1.5795137956334873,0.11019863690466188,0.3918173756610201,0.7844000196338781,0.38378205838672175,0.6490431869775442,1.1298995307209074,0.3209941848638941,0.856656380327504,1.216452060065056
2020-03-03,8.906472894615739,4.94,0.7620705890474001,1.119585186378279,0.6111617958582606,1.2013385084100394,0.5863554336792831,0.10138274595228897,1.3223836428559428,0.15427809166652665,0.3795730826716132,0.7461366040419816,0.38378205838672175,0.7337009939746152,0.9831593319259844,0.1834252484936538,0.8062648285435332,0.7538576146882037
2020-03-04,13.638124114127933,7.54,1.1854431385181776,1.5805908513575706,0.8851308767602395,1.4825028401655806,0.9457345704504566,0.1267284324403612,1.7999110694428109,0.2093774101188576,0.6734361144173783,1.09050734436905,0.5869607951796921,0.9312358769677808,1.0712034512029385,1.3756893637024037,1.0078310356794165,1.1136532944257551
2020-03-05,10.714007132995858,6.11,0.8044078439944777,1.712306755637368,0.9483545108145424,1.5591840215534554,0.8889904962234293,0.1394012756843973,1.5060480376970458,0.2865164559521209,0.697924700396192,1.1479024677568948,0.5530976723808637,0.7337009939746152,0.8657671728900459,1.0088388667150958,0.9070479321114748,0.9765882735733546
2020-03-06,11.208820754716982,6.24,1.0160941187298669,1.9098806120570644,1.0537272342383803,1.6614255967372886,0.8322464219964019,0.215438335148614,1.3774829613082735,0.35263563809491805,0.7836347513220402,1.2818244223285324,0.5643853799804732,0.7054817249755916,0.9684853120464921,0.41270680911072105,0.856656380327504,1.0793870392126552
2020-03-07,14.355921537045559,7.9300000000000015,3.386980395766222,2.7989629659456976,1.1380254129774507,1.78922756571708,0.8133317305873927,0.2661297081247585,1.4142158402764944,0.3856952291663166,0.7713904583326333,1.568800039267756,0.6998378711757868,1.1287707599609464,1.1445735506003998,1.834252484936538,1.3101803463832415,1.3706502085240069
2020-03-08,13.816402393005063,8.84,2.540235296824666,2.9636078462954445,1.6648890300966408,2.044831503676663,1.2294549415855935,0.4562223567853002,1.6162466746017081,0.4958938660709785,1.1387192480148396,1.9131707795948245,0.9368797307675856,1.1005514909619227,1.2913137493953226,3.3933670971325958,1.5621381053030956,1.4905821017698573
2020-03-09,15.444188449148644,10.92,1.6511529429360332,3.2928976069949387,1.7491872088357114,2.0192711098807052,1.1537961759495572,0.5829507892256615,1.8366439484110315,0.6060925029756404,1.0162763181207708,1.8175122406150837,1.0271813915644612,0.9030166079687572,1.2766397295158305,2.338671918294086,1.2093972428153001,1.4563158465567567
2020-03-10,14.229779061205708,10.4,1.6511529429360332,2.8977498941555457,2.1074544684767607,1.8914691409009128,0.9835639532684748,0.6970063784219865,1.450948719244715,0.8044500494040318,0.9672991461631434,1.5496683314718078,0.9030166079687572,0.9594551459668044,1.056529431323446,2.2928156061706724,0.9574394838954456,0.8909226355406042
2020-03-11,16.87991251725725,10.14,1.9475137275655776,2.5355311573861026,1.9810072003681551,1.968150322288788,1.021393336086493,0.6843335351779505,1.3040172033718325,0.8815890952372951,1.0774977830678052,1.5305366236758595,0.9933182687656328,1.072332221962899,1.0125073716849688,2.201102981923845,0.9070479321114748,1.0108545287864548
2020-03-12,13.588965807639209,8.71,1.1431058835711,3.0294657984353432,2.0231562897376905,1.968150322288788,1.1537961759495572,0.7983891243742754,1.1387192480148396,0.936688413689626,1.1754521269830602,1.4922732080839631,0.9933182687656328,0.8465780699707098,0.9244632524080152,1.834252484936538,0.7054817249755916,0.7709907422947537
2020-03-13,13.370445559134838,8.84,0.9314196088357112,2.4038152531063055,1.7281126641509441,1.9170295346968715,1.1537961759495572,0.8364076541063838,1.1203528085307293,0.9587281410705584,1.0652534900783983,1.5114049158799114,1.0271813915644612,0.7901395319726625,1.0271813915644612,1.1464078030853362,0.7558732767595624,0.7195913594751034
2020-03-14,12.666060331339164,8.19,0.9737568637827888,2.370886277036356,1.7491872088357114,1.8403483533089968,1.1537961759495572,0.8870990270825283,1.1203528085307293,1.013827459522889,1.0652534900783983,1.3583512535123254,0.970742853566414,0.8747973389697334,0.9391372722875074,1.1005514909619227,0.6550901731916208,0.7538576146882037
2020-03-15,13.47393644730787,8.450000000000001,1.100768628624022,2.1733124206166594,1.6859635747814086,1.865908747104955,1.380772472857667,1.0265003027669255,1.1019863690466192,1.013827459522889,1.0285206111101777,1.3583512535123254,1.0158936839648518,0.9312358769677808,1.0125073716849688,1.834252484936538,0.7054817249755916,0.7367244870816535
2020-03-16,11.955294753796595,7.67,0.8467450989415555,1.7452357317073175,1.4752181279337326,1.508063233961539,1.0781374103135206,0.8870990270825283,0.8999555347214054,0.8815890952372951,0.9428105601843296,1.1479024677568948,0.9143043155683666,0.7619202629736388,0.9978333518054766,2.705522415281393,0.6550901731916208,0.6681919766554533
2020-03-17,10.908551265531521,6.63,0.9737568637827888,1.6793777795674187,1.5173672173032675,1.5591840215534554,1.0970521017225296,0.9251175568146368,0.8815890952372951,0.9587281410705584,0.9305662671949227,1.0331122209812054,0.8578657775703192,0.7901395319726625,0.9097892325285228,1.5132583000726438,0.6550901731916208,0.5825263386227028
2020-03-18,10.540973124712378,6.5,0.8467450989415555,1.5476618752876208,1.433069038564197,1.4825028401655806,1.30511370722163,0.8110619676183116,0.8815890952372951,0.9146486863086936,0.9428105601843296,1.013980513185257,0.8804411927695381,0.7619202629736388,0.9978333518054766,1.2839767394555766,0.5543070696236789,0.5825263386227028
2020-03-19,11.651832397606995,6.8900000000000015,0.8890823538886333,1.4488749470777729,1.4541435832489649,1.4313820525736642,1.8914691409009128,0.9884817730348172,0.8815890952372951,0.9697480047610246,0.9305662671949227,0.9948488053893088,1.0271813915644612,0.8465780699707098,1.0858774710824304,0.9629825545916824,0.6046986214076501,0.6510588490489031
2020-03-20,11.871294891854578,6.63,0.9737568637827888,1.383016994937874,1.433069038564197,1.303580083593873,1.6455781525837945,0.9758089297907812,0.936688413689626,0.9807678684514908,0.9672991461631434,1.0331122209812054,0.948167438367195,0.9030166079687572,1.0271813915644612,1.1922641152087496,0.7054817249755916,0.7195913594751034
2020-03-21,12.459579291302349,6.8900000000000015,1.4818039231477218,1.3500880188679247,1.4541435832489649,1.4569424463696223,1.7968956838558676,1.0265003027669255,0.991787732141957,1.0028075958324232,0.9795434391525504,1.0713756365731018,1.0610445143632896,0.8465780699707098,1.0125073716849688,2.063534045553605,0.7558732767595624,0.9251888907537044
2020-03-22,12.300075931891396,6.37,1.270117648412333,1.2513010906580766,1.4962926726185002,1.329140477389831,1.6834075354018128,1.1785744216953593,0.8999555347214054,1.1019863690466192,1.2244292989406875,1.0522439287771534,0.948167438367195,0.7619202629736388,0.9097892325285228,4.585631212341345,0.6550901731916208,0.7024582318685534
2020-03-23,9.938129682466636,5.33,0.8890823538886333,0.9549403060285322,1.3066217704555916,1.0224157518383314,1.1159667931315391,1.2165929514274674,0.7162911398803024,1.0909665053561528,0.9305662671949227,0.8609268508176711,0.9368797307675856,0.6772624559765679,0.8804411927695383,1.4674019879492304,0.4535239660557374,0.4968607005899524
2020-03-24,9.549644454670963,5.2,0.9314196088357112,0.9220113299585828,1.2644726810860565,0.9457345704504566,1.021393336086493,1.1405558919632508,0.697924700396192,0.9477082773800922,0.8693448022478883,0.8035317274298264,0.8465780699707098,0.5926046489794969,0.7483750138541074,2.017677733430192,0.4031324142717666,0.4797275729834023
2020-03-25,8.847784445467097,4.55,0.8467450989415555,0.9220113299585828,1.2433981364012892,0.89461378285854,1.021393336086493,1.1912472649393953,0.6060925029756404,1.046887050594288,0.918321974205516,0.7844000196338781,0.8240026547714908,0.5361661109814495,0.7777230536130921,1.1464078030853362,0.4535239660557374,0.5653932110161527
2020-03-26,9.011719052001842,4.42,0.9737568637827888,0.7902954256787853,1.2433981364012892,0.8690533890625818,1.021393336086493,1.0391731460109617,0.6060925029756404,0.9587281410705584,1.004032025131364,0.8609268508176711,0.7562764091738341,0.5926046489794969,0.7630490337335998,1.1005514909619227,0.4535239660557374,0.5139938281965025
2020-03-27,8.915410768522781,4.55,0.8467450989415555,0.7902954256787853,1.2223235917165212,0.9201741766544984,1.3429430900396484,1.1659015784513231,0.6611918214279714,1.0028075958324232,1.1264749550254327,0.8800585586136194,1.0497568067636802,0.6208239179785205,0.7190269740951228,0.5961320576043748,0.4031324142717666,0.4968607005899524
2020-03-28,9.1558826507133,4.68,0.9314196088357112,0.7902954256787853,1.1590999576622183,0.8690533890625818,1.30511370722163,1.1912472649393953,0.6428253819438611,1.0028075958324232,1.0162763181207708,0.8226634352257746,0.8352903623711003,0.5361661109814495,0.7337009939746152,0.5502757454809614,0.4535239660557374,0.4968607005899524
2020-03-29,9.129623607915326,4.68,0.8044078439944777,0.7244374735388864,1.1801745023469858,0.7923722076747068,1.30511370722163,1.2672843244036118,0.6795582609120817,1.013827459522889,0.9672991461631434,0.8035317274298264,0.6998378711757868,0.5926046489794969,0.675004914456646,0.5502757454809614,0.4535239660557374,0.5139938281965025
2020-03-30,7.461751725724805,3.77,0.7197333341003221,0.6585795213989877,1.0326526895536128,0.6390098448989572,0.8889904962234293,1.0265003027669255,0.4775274265868682,0.8154699130944979,0.7101689933855989,0.5930829416743957,0.7111255787753962,0.4232890349853549,0.6309828548181691,0.5502757454809614,0.3527408624877958,0.411195062557202
2020-03-31,6.959486286240221,3.38,0.6350588242061667,0.4939346410492408,0.9062054214450072,0.6134494511029989,0.7755023477693744,1.0138274595228896,0.4958938660709785,0.7052712761898361,0.6734361144173783,0.5548195260824992,0.5530976723808637,0.4515083039843786,0.4548946162642614,0.5961320576043748,0.30234931070382504,0.3769288073441017
2020-04-01,6.275318959963185,3.12,0.6350588242061667,0.4610056649792914,0.8219072427059367,0.5112078759191657,0.7376729649513561,0.9377904000586728,0.4407945476186476,0.7162911398803022,0.6244589424597508,0.4974244026946544,0.5418099647812542,0.3950697659863313,0.4548946162642614,0.7795573060980286,0.2519577589198541,0.3426625521310017
2020-04-02,5.960878094799815,2.8600000000000003,0.6350588242061667,0.4610056649792914,0.7797581533364015,0.536768269715124,0.8511611134054109,0.747697751398131,0.4958938660709785,0.69425141249937,0.6856804074067852,0.5739512338784474,0.5079468419824259,0.3950697659863313,0.4695686361437537,0.5044194333575479,0.30234931070382504,0.3083962969179015
2020-04-03,6.1471735388863324,2.8600000000000003,0.6350588242061667,0.428076688909342,0.7586836086516339,0.5112078759191657,0.8322464219964019,0.8364076541063838,0.4591609871027579,0.6060925029756404,0.7224132863750058,0.5548195260824992,0.4740837191835975,0.3950697659863313,0.4255465765052768,0.3668504969873076,0.3527408624877958,0.3769288073441017
2020-04-04,6.64310170271514,3.12,0.7620705890474001,0.4610056649792914,0.8219072427059367,0.5878890573070406,0.8511611134054109,0.9377904000586728,0.5877260634915301,0.7383308672612346,0.7958790443114471,0.5739512338784474,0.5079468419824259,0.3668504969873076,0.48424265602324607,0.3209941848638941,0.3527408624877958,0.3769288073441017
2020-04-05,6.839368798895536,3.25,0.6350588242061667,0.428076688909342,0.8640563320754721,0.536768269715124,0.8700758048144202,0.9124447135706004,0.5142603055550888,0.7273110035707685,0.7346575793644127,0.5739512338784474,0.4966591343828164,0.4515083039843786,0.4989166759027383,0.41270680911072105,0.3527408624877958,0.3597956797375517
2020-04-06,5.683550943396227,2.6,0.5927215692590888,0.32928976069949384,0.6111617958582606,0.4089663007353326,0.7187582735423471,0.6589878486898781,0.40406166865042703,0.5509931845233095,0.5632374775127164,0.42089757151086143,0.38378205838672175,0.3104119589892603,0.4402205963847691,0.5961320576043748,0.3527408624877958,0.2912631693113514
2020-04-07,5.2741801656695815,2.6,0.6350588242061667,0.2634318085595951,0.6322363405430282,0.4600870883272492,0.6241848164973014,0.7603705946421672,0.4224281081345373,0.6722116851184375,0.502016012565682,0.42089757151086143,0.41764518118555016,0.33863122798828393,0.3668504969873076,0.4585631212341345,0.3527408624877958,0.3597956797375517
2020-04-08,5.2663945236999545,2.47,0.5503843143120111,0.2963607846295445,0.6111617958582606,0.3834059069393743,0.6241848164973014,0.7223520649100588,0.4407945476186476,0.6281322303565727,0.5387488915339026,0.4400292793068097,0.4063574735859407,0.3668504969873076,0.3815245168667999,0.3668504969873076,0.2519577589198541,0.32552942452445155
2020-04-09,5.5396619420156465,2.6,0.5503843143120111,0.2963607846295445,0.6111617958582606,0.35784551314341606,0.7187582735423471,0.7223520649100588,0.4407945476186476,0.6060925029756404,0.5509931845233095,0.42089757151086143,0.3950697659863313,0.33863122798828393,0.337502457228323,0.5044194333575479,0.30234931070382504,0.3426625521310017
2020-04-10,5.52963644730787,2.47,0.5080470593649333,0.2634318085595951,0.5690127064887254,0.35784551314341606,0.6620141993153197,0.6716606919339143,0.5142603055550888,0.5509931845233095,0.5754817705021232,0.4591609871027579,0.4289328887851596,0.3104119589892603,0.337502457228323,0.7795573060980286,0.2519577589198541,0.32552942452445155
2020-04-11,5.0901999539806715,2.34,0.5927215692590888,0.2634318085595951,0.6322363405430282,0.4600870883272492,0.6430995079063105,0.7603705946421672,0.5142603055550888,0.6722116851184375,0.5877260634915301,0.4400292793068097,0.4289328887851596,0.33863122798828393,0.3961985367462922,0.5502757454809614,0.3527408624877958,0.3426625521310017
2020-04-12,5.880308007363093,2.6,0.6773960791532444,0.2634318085595951,0.6743854299125634,0.4600870883272492,0.7755023477693744,0.7983891243742754,0.5142603055550888,0.69425141249937,0.6367032354491576,0.4974244026946544,0.44022059638476907,0.4797275729834022,0.4402205963847691,0.2751378727404807,0.3527408624877958,0.4283281901637521
2020-04-13,6.018683525080534,2.73,0.6773960791532444,0.32928976069949384,0.6322363405430282,0.4089663007353326,0.8322464219964019,0.6970063784219865,0.5693596240074198,0.7383308672612346,0.6122146494703439,0.38263415591896494,0.41764518118555016,0.5926046489794969,0.3815245168667999,0.5502757454809614,0.4031324142717666,0.3769288073441017
2020-04-14,4.956293373216751,2.08,0.6773960791532444,0.2634318085595951,0.5057890724344226,0.35784551314341606,0.6620141993153197,0.5449322594935532,0.4407945476186476,0.584052775594708,0.4652831335974614,0.30610732473517194,0.41764518118555016,0.3950697659863313,0.48424265602324607,0.4585631212341345,0.30234931070382504,0.3940619349506519
2020-04-15,4.660783571099862,1.95,0.6350588242061667,0.2305028324896457,0.4636399830648874,0.35784551314341606,0.567440742270274,0.5069137297614448,0.4224281081345373,0.5399733208328432,0.4652831335974614,0.2869756169392237,0.3950697659863313,0.3668504969873076,0.4402205963847691,0.3668504969873076,0.2519577589198541,0.3940619349506519
2020-04-16,4.485132811780948,1.95,0.5503843143120111,0.2305028324896457,0.484714527749655,0.30672472555149943,0.6241848164973014,0.5195865730054808,0.40406166865042703,0.5289534571423771,0.4530388406080545,0.2869756169392237,0.38378205838672175,0.3104119589892603,0.3668504969873076,0.2751378727404807,0.2519577589198541,0.3597956797375517
2020-04-17,4.622673768982973,2.08,0.7197333341003221,0.19757385641969635,0.5268636171191902,0.3322851193474577,0.6620141993153197,0.5829507892256615,0.3856952291663167,0.6060925029756404,0.4407945476186476,0.30610732473517194,0.3950697659863313,0.3104119589892603,0.3961985367462922,0.2751378727404807,0.2519577589198541,0.3426625521310017
2020-04-18,4.71585918085596,2.21,0.5927215692590888,0.2305028324896457,0.5057890724344226,0.3834059069393743,0.7187582735423471,0.7350249081540949,0.5326267450391992,0.6281322303565727,0.5754817705021232,0.34437074032706844,0.462796011583988,0.33863122798828393,0.3961985367462922,0.2751378727404807,0.30234931070382504,0.3083962969179015
2020-04-19,4.995426184997699,2.21,0.6773960791532444,0.2305028324896457,0.484714527749655,0.2811643317555411,0.7187582735423471,0.6336421622018059,0.4775274265868682,0.6832315488089037,0.5632374775127164,0.3252390325311202,0.4515083039843786,0.3668504969873076,0.3668504969873076,0.2751378727404807,0.30234931070382504,0.3769288073441017
2020-04-20,4.0833,1.82,0.5080470593649333,0.16464488034974692,0.3793418043258169,0.2811643317555411,0.5485260508612648,0.5449322594935532,0.3856952291663167,0.5289534571423771,0.3795730826716132,0.26784390914327544,0.3499189355878934,0.3104119589892603,0.4255465765052768,0.3209941848638941,0.2015662071358833,0.32552942452445155
2020-04-21,3.938091854578923,1.82,0.5503843143120111,0.16464488034974692,0.3582672596410493,0.2556039379595829,0.5106966680432465,0.5195865730054808,0.348962350198096,0.5069137297614447,0.3673287896822064,0.2487122013473272,0.33863122798828393,0.2539734209912129,0.4255465765052768,0.2751378727404807,0.2519577589198541,0.2912631693113514
2020-04-22,3.981914358030373,1.69,0.4657098044178555,0.16464488034974692,0.3582672596410493,0.2556039379595829,0.5296113594522557,0.4688952000293364,0.348962350198096,0.4738541386900461,0.41630596163983385,0.2487122013473272,0.31605581278906497,0.2257541519921893,0.4108725566257845,0.3209941848638941,0.2519577589198541,0.3083962969179015
2020-04-23,3.823740911182697,1.56,0.4657098044178555,0.16464488034974692,0.3582672596410493,0.23004354416362455,0.5485260508612648,0.4815680432733726,0.348962350198096,0.5069137297614447,0.35508449669279946,0.2295804935513789,0.31605581278906497,0.2539734209912129,0.2934803975898461,0.2751378727404807,0.2015662071358833,0.2741300417048013
2020-04-24,3.8263899677864703,1.69,0.4657098044178555,0.16464488034974692,0.3582672596410493,0.2556039379595829,0.5296113594522557,0.5069137297614448,0.3122294712298754,0.5069137297614447,0.3428402037033926,0.2295804935513789,0.3273435203886744,0.3668504969873076,0.32282843734883065,0.3209941848638941,0.2015662071358833,0.2569969140982513
2020-04-25,4.161657156005522,1.82,0.5927215692590888,0.13171590427979754,0.3793418043258169,0.2811643317555411,0.567440742270274,0.5702779459816254,0.4224281081345373,0.5950726392851742,0.4407945476186476,0.2487122013473272,0.3273435203886744,0.33863122798828393,0.2934803975898461,0.3209941848638941,0.2519577589198541,0.3597956797375517
2020-04-26,4.57594914864243,1.95,0.5927215692590888,0.13171590427979754,0.44256543838011975,0.2556039379595829,0.699843582133338,0.6589878486898781,0.3673287896822064,0.6060925029756404,0.4775274265868682,0.2295804935513789,0.3612066431875029,0.3104119589892603,0.3521764771078153,0.8712699303448556,0.2519577589198541,0.3769288073441017
2020-04-27,3.539118085595951,1.4300000000000002,0.5080470593649333,0.13171590427979754,0.3582672596410493,0.23004354416362455,0.5106966680432465,0.532259416249517,0.348962350198096,0.4738541386900461,0.4407945476186476,0.2295804935513789,0.3612066431875029,0.33863122798828393,0.3521764771078153,0.7795573060980286,0.2519577589198541,0.3940619349506519
2020-04-28,3.6593917165209393,1.4300000000000002,0.5080470593649333,0.13171590427979754,0.44256543838011975,0.2556039379595829,0.5296113594522557,0.5195865730054808,0.3122294712298754,0.4738541386900461,0.35508449669279946,0.2295804935513789,0.2934803975898461,0.2821926899902366,0.2934803975898461,0.3668504969873076,0.2519577589198541,0.3940619349506519
2020-04-29,3.6902489185457896,1.4300000000000002,0.4657098044178555,0.13171590427979754,0.3582672596410493,0.2556039379595829,0.5106966680432465,0.5829507892256615,0.3305959107139857,0.46283427499958,0.40406166865042703,0.2295804935513789,0.3047681051894555,0.3104119589892603,0.3521764771078153,0.2751378727404807,0.2519577589198541,0.32552942452445155
2020-04-30,3.545040773124713,1.56,0.4657098044178555,0.13171590427979754,0.3793418043258169,0.2811643317555411,0.4539525938162192,0.5069137297614448,0.29386303174576506,0.42977468392818136,0.4407945476186476,0.2295804935513789,0.3273435203886744,0.2821926899902366,0.3081544174693384,0.3209941848638941,0.2015662071358833,0.4283281901637521
2020-05-01,3.9412308789691672,1.56,0.5503843143120111,0.19757385641969635,0.4004163490105845,0.2556039379595829,0.5863554336792831,0.6209693189577699,0.3673287896822064,0.6060925029756404,0.5265045985444957,0.26784390914327544,0.3499189355878934,0.33863122798828393,0.3815245168667999,0.3209941848638941,0.2519577589198541,0.32552942452445155
2020-05-02,4.09749829728486,1.69,0.7197333341003221,0.13171590427979754,0.4004163490105845,0.2556039379595829,0.6430995079063105,0.7096792216660227,0.3856952291663167,0.6391520940470389,0.4285502546292407,0.2295804935513789,0.3724943507871123,0.3104119589892603,0.3668504969873076,0.41270680911072105,0.2519577589198541,0.4283281901637521
2020-05-03,4.018473492867003,1.69,0.5927215692590888,0.2634318085595951,0.4004163490105845,0.2556039379595829,0.567440742270274,0.7350249081540949,0.3856952291663167,0.6060925029756404,0.4897717195762751,0.19131707795948247,0.3724943507871123,0.3668504969873076,0.3521764771078153,0.41270680911072105,0.2015662071358833,0.411195062557202
2020-05-04,3.661416198803498,1.56,0.5080470593649333,0.19757385641969635,0.3371927149562817,0.23004354416362455,0.4728672852252283,0.6843335351779505,0.3673287896822064,0.4848740023805123,0.3428402037033926,0.17218537016353422,0.33863122798828393,0.2821926899902366,0.3081544174693384,0.3209941848638941,0.2519577589198541,0.32552942452445155
2020-05-05,3.318691808559595,1.56,0.42337254947077774,0.16464488034974692,0.4004163490105845,0.2556039379595829,0.5296113594522557,0.5829507892256615,0.3673287896822064,0.5179335934519109,0.3918173756610201,0.2295804935513789,0.31605581278906497,0.2821926899902366,0.32282843734883065,0.22928156061706725,0.2015662071358833,0.2912631693113514
2020-05-06,3.513973584905661,1.4300000000000002,0.5503843143120111,0.16464488034974692,0.3793418043258169,0.23004354416362455,0.4350379024072101,0.6463150054458421,0.3673287896822064,0.5179335934519109,0.3183516177245788,0.19131707795948247,0.3047681051894555,0.2539734209912129,0.32282843734883065,0.22928156061706725,0.2015662071358833,0.2569969140982513
2020-05-07,3.3257344224574323,1.4300000000000002,0.5080470593649333,0.2305028324896457,0.3793418043258169,0.23004354416362455,0.4161232109982009,0.6082964757137337,0.3305959107139857,0.4958938660709785,0.35508449669279946,0.21044878575543072,0.33863122798828393,0.2257541519921893,0.3081544174693384,0.22928156061706725,0.2015662071358833,0.2912631693113514
2020-05-08,3.4193344224574322,1.4300000000000002,0.5503843143120111,0.19757385641969635,0.3793418043258169,0.2556039379595829,0.4350379024072101,0.6336421622018059,0.348962350198096,0.46283427499958,0.40406166865042703,0.19131707795948247,0.33863122798828393,0.2539734209912129,0.3521764771078153,0.22928156061706725,0.3527408624877958,0.2741300417048013
2020-05-09,3.566696272434423,1.4300000000000002,0.5503843143120111,0.19757385641969635,0.44256543838011975,0.30672472555149943,0.4350379024072101,0.6716606919339143,0.3673287896822064,0.584052775594708,0.41630596163983385,0.21044878575543072,0.3499189355878934,0.2539734209912129,0.3081544174693384,0.2751378727404807,0.30234931070382504,0.23986378649170115
2020-05-10,3.6549981592268757,1.56,0.5927215692590888,0.2305028324896457,0.44256543838011975,0.2811643317555411,0.567440742270274,0.7223520649100588,0.348962350198096,0.5730329119042419,0.4652831335974614,0.2487122013473272,0.38378205838672175,0.2539734209912129,0.2934803975898461,0.1834252484936538,0.2519577589198541,0.3426625521310017
2020-05-11,2.9632982512655315,1.3,0.5080470593649333,0.16464488034974692,0.3582672596410493,0.2044831503676663,0.3215497539531553,0.532259416249517,0.3856952291663167,0.4518144113091138,0.29386303174576506,0.21044878575543072,0.2709049823906271,0.19753488299316566,0.27880637771035377,0.2751378727404807,0.2015662071358833,0.2569969140982513
2020-05-12,3.0606672342383803,1.3,0.5927215692590888,0.13171590427979754,0.3793418043258169,0.2556039379595829,0.3215497539531553,0.5449322594935532,0.3122294712298754,0.5069137297614447,0.30610732473517194,0.19131707795948247,0.2709049823906271,0.2539734209912129,0.32282843734883065,0.2751378727404807,0.2015662071358833,0.2912631693113514
2020-05-13,3.037891808559595,1.3,0.5503843143120111,0.13171590427979754,0.3793418043258169,0.2044831503676663,0.3404644453621644,0.5195865730054808,0.3673287896822064,0.4518144113091138,0.2571301527775444,0.15305366236758594,0.31605581278906497,0.2257541519921893,0.2347843180718769,0.4585631212341345,0.1511746553519125,0.2741300417048013
2020-05-14,2.8757017027151406,1.3,0.5927215692590888,0.16464488034974692,0.3793418043258169,0.23004354416362455,0.3593791367711735,0.5576051027375892,0.3305959107139857,0.42977468392818136,0.3183516177245788,0.19131707795948247,0.31605581278906497,0.2539734209912129,0.27880637771035377,0.41270680911072105,0.2015662071358833,0.32552942452445155
2020-05-15,2.9425473078693054,1.3,0.6773960791532444,0.13171590427979754,0.3582672596410493,0.23004354416362455,0.3593791367711735,0.4815680432733726,0.3122294712298754,0.4407945476186476,0.29386303174576506,0.15305366236758594,0.3047681051894555,0.2257541519921893,0.2641323578308615,0.3668504969873076,0.2015662071358833,0.3597956797375517
2020-05-16,3.0197899217671424,1.4300000000000002,0.6350588242061667,0.16464488034974692,0.3793418043258169,0.2044831503676663,0.3593791367711735,0.5576051027375892,0.3673287896822064,0.4738541386900461,0.4285502546292407,0.17218537016353422,0.3273435203886744,0.2539734209912129,0.2641323578308615,0.41270680911072105,0.2015662071358833,0.3769288073441017
2020-05-17,3.077024620340543,1.4300000000000002,0.5927215692590888,0.13171590427979754,0.4004163490105845,0.2811643317555411,0.4350379024072101,0.6082964757137337,0.4224281081345373,0.5950726392851742,0.3795730826716132,0.19131707795948247,0.31605581278906497,0.2821926899902366,0.337502457228323,0.3209941848638941,0.2015662071358833,0.3769288073441017
2020-05-18,2.4648017947537966,1.17,0.4657098044178555,0.13171590427979754,0.3161181702715141,0.2044831503676663,0.2458909883171187,0.4942408865174087,0.3305959107139857,0.5289534571423771,0.2693744457669513,0.15305366236758594,0.25961727479101765,0.2539734209912129,0.2641323578308615,0.22928156061706725,0.1511746553519125,0.22273065888515106
2020-05-19,2.666006258628624,1.3,0.4657098044178555,0.13171590427979754,0.3161181702715141,0.2044831503676663,0.283720371135137,0.4942408865174087,0.3122294712298754,0.4738541386900461,0.3305959107139857,0.13392195457163772,0.2821926899902366,0.19753488299316566,0.24945833795136915,0.13756893637024034,0.1511746553519125,0.22273065888515106
2020-05-20,2.7825916705016107,1.3,0.5080470593649333,0.13171590427979754,0.42149089369535214,0.2811643317555411,0.3026350625441461,0.5449322594935532,0.29386303174576506,0.5509931845233095,0.3428402037033926,0.17218537016353422,0.2934803975898461,0.2257541519921893,0.24945833795136915,0.1834252484936538,0.2015662071358833,0.2569969140982513
2020-05-21,2.5762506212609297,1.17,0.5080470593649333,0.09878692820984816,0.3582672596410493,0.2044831503676663,0.3026350625441461,0.4942408865174087,0.27549659226165474,0.5069137297614447,0.30610732473517194,0.17218537016353422,0.2821926899902366,0.2821926899902366,0.2641323578308615,0.13756893637024034,0.1511746553519125,0.2569969140982513
2020-05-22,2.425534376438104,1.17,0.4657098044178555,0.09878692820984816,0.3582672596410493,0.23004354416362455,0.3026350625441461,0.4942408865174087,0.29386303174576506,0.46283427499958,0.3183516177245788,0.15305366236758594,0.2483295671914082,0.2821926899902366,0.19076225843339994,0.0917126242468269,0.2015662071358833,0.2569969140982513
2020-05-23,2.6345244822825586,1.3,0.5927215692590888,0.13171590427979754,0.3793418043258169,0.2811643317555411,0.3593791367711735,0.5449322594935532,0.3122294712298754,0.5399733208328432,0.2816187387563582,0.15305366236758594,0.25961727479101765,0.2821926899902366,0.27880637771035377,0.0917126242468269,0.2015662071358833,0.22273065888515106
2020-05-24,3.3054734468476763,1.56,0.9737568637827888,0.13171590427979754,0.44256543838011975,0.30672472555149943,0.4539525938162192,0.7857162811302394,0.3305959107139857,0.7383308672612346,0.41630596163983385,0.2295804935513789,0.3612066431875029,0.2539734209912129,0.27880637771035377,0.0917126242468269,0.2015662071358833,0.3083962969179015
2020-05-25,2.520173538886332,1.17,0.6350588242061667,0.09878692820984816,0.3161181702715141,0.17892275657170803,0.3026350625441461,0.5195865730054808,0.27549659226165474,0.4738541386900461,0.2693744457669513,0.15305366236758594,0.25961727479101765,0.19753488299316566,0.22011029819238456,0.0917126242468269,0.2015662071358833,0.23986378649170115
2020-05-26,2.2546917625402667,1.04,0.42337254947077774,0.09878692820984816,0.2950436255867465,0.2044831503676663,0.283720371135137,0.44354951354126415,0.2571301527775444,0.46283427499958,0.29386303174576506,0.15305366236758594,0.2483295671914082,0.16931561399414194,0.22011029819238456,0.0917126242468269,0.2015662071358833,0.20559753127860095
2020-05-27,2.419530924988495,1.17,0.6350588242061667,0.09878692820984816,0.3161181702715141,0.23004354416362455,0.283720371135137,0.44354951354126415,0.2387637132934341,0.4848740023805123,0.2448858597881376,0.15305366236758594,0.31605581278906497,0.19753488299316566,0.20543627831289224,0.04585631212341345,0.1511746553519125,0.2569969140982513
2020-05-28,2.520173538886332,1.17,0.6350588242061667,0.09878692820984816,0.3582672596410493,0.23004354416362455,0.26480567972612784,0.5576051027375892,0.29386303174576506,0.5399733208328432,0.2448858597881376,0.15305366236758594,0.31605581278906497,0.2539734209912129,0.2934803975898461,0.0917126242468269,0.2015662071358833,0.2741300417048013
2020-05-29,2.301491762540267,1.04,0.5927215692590888,0.06585795213989877,0.3161181702715141,0.2044831503676663,0.2458909883171187,0.44354951354126415,0.2571301527775444,0.4518144113091138,0.2326415667987307,0.13392195457163772,0.2821926899902366,0.19753488299316566,0.22011029819238456,0.0917126242468269,0.1511746553519125,0.15419814845895075
2020-05-30,2.330814450069029,1.17,0.4657098044178555,0.06585795213989877,0.2950436255867465,0.2044831503676663,0.3215497539531553,0.4562223567853002,0.27549659226165474,0.4738541386900461,0.2571301527775444,0.17218537016353422,0.2821926899902366,0.2257541519921893,0.2347843180718769,0.0917126242468269,0.2015662071358833,0.23986378649170115
2020-05-31,2.5806818683847217,1.17,0.4657098044178555,0.06585795213989877,0.3161181702715141,0.2044831503676663,0.3593791367711735,0.4815680432733726,0.3305959107139857,0.5179335934519109,0.29386303174576506,0.17218537016353422,0.2821926899902366,0.16931561399414194,0.22011029819238456,0.04585631212341345,0.1511746553519125,0.18846440367205086
2020-06-01,2.2312917625402666,1.04,0.42337254947077774,0.06585795213989877,0.2950436255867465,0.17892275657170803,0.2269762969081096,0.4815680432733726,0.2571301527775444,0.4187548202377152,0.2326415667987307,0.13392195457163772,0.2709049823906271,0.1410963449951183,0.17608823855390765,0.0917126242468269,0.1511746553519125,0.15419814845895075
2020-06-02,2.637173538886332,1.3,0.4657098044178555,0.06585795213989877,0.3161181702715141,0.2044831503676663,0.3593791367711735,0.5576051027375892,0.3122294712298754,0.5399733208328432,0.2448858597881376,0.15305366236758594,0.31605581278906497,0.2257541519921893,0.2347843180718769,0.0917126242468269,0.1511746553519125,0.22273065888515106
2020-06-03,2.1897898757478136,1.04,0.38103529452370005,0.06585795213989877,0.2318199915324437,0.17892275657170803,0.2269762969081096,0.4182038270531919,0.2020308343252135,0.4187548202377152,0.20815298081991693,0.13392195457163772,0.3047681051894555,0.16931561399414194,0.22011029819238456,0.0917126242468269,0.1511746553519125,0.20559753127860095
2020-06-04,1.8971391164289,0.91,0.38103529452370005,0.06585795213989877,0.18967090216290847,0.15336236277574972,0.2269762969081096,0.34216676758897524,0.2387637132934341,0.36365550178538425,0.20815298081991693,0.09565853897974123,0.18060332159375145,0.1410963449951183,0.16141421867441533,0.04585631212341345,0.1511746553519125,0.13706502085240066
2020-06-05,2.0152590427979753,0.91,0.4657098044178555,0.06585795213989877,0.2318199915324437,0.23004354416362455,0.18914691409009127,0.3928581405651197,0.2571301527775444,0.3967150928567828,0.19590868783051005,0.11479024677568947,0.23704185959179874,0.16931561399414194,0.19076225843339994,0.04585631212341345,0.1511746553519125,0.15419814845895075
2020-06-06,2.3509408191440406,1.04,0.4657098044178555,0.06585795213989877,0.2950436255867465,0.2044831503676663,0.2458909883171187,0.44354951354126415,0.4224281081345373,0.4407945476186476,0.2571301527775444,0.17218537016353422,0.3499189355878934,0.16931561399414194,0.22011029819238456,0.04585631212341345,0.1511746553519125,0.18846440367205086
2020-06-07,2.3438982052462034,1.04,0.5080470593649333,0.06585795213989877,0.2528945362172113,0.2556039379595829,0.26480567972612784,0.44354951354126415,0.4224281081345373,0.46283427499958,0.29386303174576506,0.13392195457163772,0.33863122798828393,0.16931561399414194,0.24945833795136915,0.04585631212341345,0.1511746553519125,0.18846440367205086
2020-06-08,1.8263145421076856,0.91,0.42337254947077774,0.06585795213989877,0.21074544684767607,0.15336236277574972,0.1702322226810822,0.36751245407704747,0.3305959107139857,0.35263563809491805,0.19590868783051005,0.09565853897974123,0.2483295671914082,0.1410963449951183,0.20543627831289224,0.04585631212341345,0.10078310356794164,0.13706502085240066
2020-06-09,1.7349490105844456,0.91,0.3386980395766222,0.06585795213989877,0.18967090216290847,0.15336236277574972,0.15131753127207306,0.36751245407704747,0.2387637132934341,0.35263563809491805,0.1714201018516963,0.11479024677568947,0.2257541519921893,0.1410963449951183,0.17608823855390765,0.04585631212341345,0.10078310356794164,0.11993189324585055
2020-06-10,1.7327145421076855,0.78,0.3386980395766222,0.03292897606994938,0.21074544684767607,0.15336236277574972,0.15131753127207306,0.30414823785686684,0.29386303174576506,0.3195760470235195,0.1836643948411032,0.11479024677568947,0.19189102919336087,0.11287707599609464,0.13206617891543074,0.04585631212341345,0.10078310356794164,0.11993189324585055
2020-06-11,1.8938654855039119,0.78,0.38103529452370005,0.06585795213989877,0.21074544684767607,0.15336236277574972,0.1702322226810822,0.3548396108330113,0.3305959107139857,0.35263563809491805,0.19590868783051005,0.13392195457163772,0.20317873679297035,0.1410963449951183,0.16141421867441533,0.04585631212341345,0.10078310356794164,0.17133127606550086
2020-06-12,2.089147261849977,0.91,0.38103529452370005,0.06585795213989877,0.2318199915324437,0.17892275657170803,0.18914691409009127,0.3928581405651197,0.29386303174576506,0.36365550178538425,0.2448858597881376,0.11479024677568947,0.19189102919336087,0.11287707599609464,0.16141421867441533,0.04585631212341345,0.1511746553519125,0.15419814845895075
2020-06-13,2.0390736309249884,0.91,0.42337254947077774,0.06585795213989877,0.2528945362172113,0.2044831503676663,0.20806160549910047,0.3801852973210836,0.3856952291663167,0.3967150928567828,0.2571301527775444,0.13392195457163772,0.23704185959179874,0.16931561399414194,0.11739215903593846,0.04585631212341345,0.10078310356794164,0.18846440367205086
2020-06-14,2.114781730326737,0.91,0.42337254947077774,0.06585795213989877,0.2528945362172113,0.2044831503676663,0.20806160549910047,0.44354951354126415,0.3673287896822064,0.4187548202377152,0.2203972738093238,0.11479024677568947,0.2821926899902366,0.19753488299316566,0.20543627831289224,0.04585631212341345,0.1511746553519125,0.17133127606550086
2020-06-15,1.8024999539806719,0.78,0.42337254947077774,0.06585795213989877,0.21074544684767607,0.12780196897979146,0.15131753127207306,0.36751245407704747,0.3122294712298754,0.35263563809491805,0.20815298081991693,0.09565853897974123,0.19189102919336087,0.1410963449951183,0.22011029819238456,0.04585631212341345,0.10078310356794164,0.15419814845895075
2020-06-16,1.661475379659457,0.78,0.3386980395766222,0.03292897606994938,0.16859635747814086,0.15336236277574972,0.15131753127207306,0.3294939243449391,0.27549659226165474,0.3195760470235195,0.20815298081991693,0.09565853897974123,0.19189102919336087,0.11287707599609464,0.13206617891543074,0.04585631212341345,0.1511746553519125,0.13706502085240066
2020-06-17,1.684875379659457,0.91,0.2963607846295444,0.06585795213989877,0.16859635747814086,0.15336236277574972,0.1702322226810822,0.36751245407704747,0.2571301527775444,0.34161577440445184,0.20815298081991693,0.09565853897974123,0.14674019879492306,0.11287707599609464,0.14674019879492306,0.0,0.10078310356794164,0.13706502085240066
2020-06-18,1.8534835250805342,0.78,0.3386980395766222,0.06585795213989877,0.21074544684767607,0.17892275657170803,0.15131753127207306,0.3294939243449391,0.2387637132934341,0.35263563809491805,0.2203972738093238,0.13392195457163772,0.20317873679297035,0.1410963449951183,0.16141421867441533,0.0,0.10078310356794164,0.17133127606550086
2020-06-19,1.9874654855039118,0.91,0.3386980395766222,0.03292897606994938,0.21074544684767607,0.15336236277574972,0.1702322226810822,0.430876670297228,0.22039727380932375,0.36365550178538425,0.2326415667987307,0.09565853897974123,0.25961727479101765,0.1410963449951183,0.07337009939746153,0.0,0.10078310356794164,0.17133127606550086
2020-06-20,2.0275997699033597,0.91,0.3386980395766222,0.03292897606994938,0.18967090216290847,0.17892275657170803,0.20806160549910047,0.4055309838091558,0.27549659226165474,0.36365550178538425,0.19590868783051005,0.11479024677568947,0.20317873679297035,0.11287707599609464,0.14674019879492306,0.0,0.10078310356794164,0.17133127606550086
2020-06-21,1.9444344684767605,0.91,0.2963607846295444,0.06585795213989877,0.21074544684767607,0.17892275657170803,0.18914691409009127,0.4055309838091558,0.2571301527775444,0.36365550178538425,0.2693744457669513,0.11479024677568947,0.20317873679297035,0.1410963449951183,0.16141421867441533,0.0,0.10078310356794164,0.13706502085240066
2020-06-22,1.8099571560055225,0.78,0.2963607846295444,0.03292897606994938,0.18967090216290847,0.15336236277574972,0.15131753127207306,0.3928581405651197,0.2387637132934341,0.2865164559521209,0.2326415667987307,0.09565853897974123,0.18060332159375145,0.1410963449951183,0.19076225843339994,0.04585631212341345,0.10078310356794164,0.10279876563930047
2020-06-23,1.8704654855039118,0.78,0.25402352968246666,0.06585795213989877,0.21074544684767607,0.15336236277574972,0.13240283986306392,0.4055309838091558,0.22039727380932375,0.3085561833330533,0.20815298081991693,0.11479024677568947,0.19189102919336087,0.11287707599609464,0.2641323578308615,0.04585631212341345,0.10078310356794164,0.11993189324585055
2020-06-24,2.0683963184537504,1.04,0.25402352968246666,0.06585795213989877,0.2528945362172113,0.15336236277574972,0.1702322226810822,0.5195865730054808,0.2387637132934341,0.3967150928567828,0.20815298081991693,0.13392195457163772,0.16931561399414194,0.08465780699707097,0.2347843180718769,0.0,0.10078310356794164,0.11993189324585055
2020-06-25,2.114781730326737,1.04,0.38103529452370005,0.06585795213989877,0.2739690809019789,0.17892275657170803,0.13240283986306392,0.44354951354126415,0.22039727380932375,0.3967150928567828,0.2448858597881376,0.13392195457163772,0.15802790639453249,0.11287707599609464,0.2347843180718769,0.04585631212341345,0.10078310356794164,0.15419814845895075
2020-06-26,2.160467188219052,1.04,0.3386980395766222,0.06585795213989877,0.2318199915324437,0.2044831503676663,0.1702322226810822,0.4055309838091558,0.2387637132934341,0.34161577440445184,0.2326415667987307,0.09565853897974123,0.19189102919336087,0.11287707599609464,0.27880637771035377,0.04585631212341345,0.10078310356794164,0.15419814845895075
2020-06-27,2.121824344224574,1.04,0.25402352968246666,0.06585795213989877,0.2528945362172113,0.15336236277574972,0.1702322226810822,0.3928581405651197,0.2020308343252135,0.3856952291663166,0.2326415667987307,0.09565853897974123,0.15802790639453249,0.1410963449951183,0.19076225843339994,0.0,0.10078310356794164,0.11993189324585055
2020-06-28,1.9874654855039118,0.91,0.25402352968246666,0.06585795213989877,0.18967090216290847,0.15336236277574972,0.1702322226810822,0.4182038270531919,0.27549659226165474,0.33059591071398564,0.2571301527775444,0.11479024677568947,0.16931561399414194,0.11287707599609464,0.19076225843339994,0.0,0.050391551783970825,0.10279876563930047
2020-06-29,1.7290263230556835,0.78,0.25402352968246666,0.06585795213989877,0.14752181279337326,0.12780196897979146,0.1134881484540548,0.31682108110090296,0.22039727380932375,0.27549659226165474,0.1714201018516963,0.09565853897974123,0.15802790639453249,0.11287707599609464,0.08804411927695383,0.0,0.10078310356794164,0.11993189324585055
2020-06-30,1.682640911182697,0.78,0.25402352968246666,0.03292897606994938,0.16859635747814086,0.12780196897979146,0.1134881484540548,0.3801852973210836,0.22039727380932375,0.2644767285711885,0.20815298081991693,0.07652683118379297,0.14674019879492306,0.11287707599609464,0.20543627831289224,0.0,0.10078310356794164,0.08566563803275043
2020-07-01,1.5897408651633689,0.78,0.21168627473538887,0.06585795213989877,0.16859635747814086,0.12780196897979146,0.13240283986306392,0.3548396108330113,0.2020308343252135,0.27549659226165474,0.1836643948411032,0.07652683118379297,0.14674019879492306,0.1410963449951183,0.22011029819238456,0.04585631212341345,0.050391551783970825,0.08566563803275043
2020-07-02,1.5608327657616201,0.78,0.21168627473538887,0.06585795213989877,0.16859635747814086,0.12780196897979146,0.13240283986306392,0.36751245407704747,0.2387637132934341,0.2644767285711885,0.20815298081991693,0.09565853897974123,0.15802790639453249,0.19753488299316566,0.16141421867441533,0.0,0.050391551783970825,0.11993189324585055
2020-07-03,1.758763598711459,0.91,0.2963607846295444,0.06585795213989877,0.2318199915324437,0.2044831503676663,0.13240283986306392,0.3548396108330113,0.2387637132934341,0.3085561833330533,0.2203972738093238,0.09565853897974123,0.19189102919336087,0.5361661109814495,0.16141421867441533,0.0,0.10078310356794164,0.13706502085240066
2020-07-04,2.067981730326737,0.91,0.25402352968246666,0.09878692820984816,0.2318199915324437,0.23004354416362455,0.1702322226810822,0.36751245407704747,0.2387637132934341,0.2865164559521209,0.2448858597881376,0.09565853897974123,0.16931561399414194,0.3950697659863313,0.17608823855390765,0.0,0.050391551783970825,0.11993189324585055
2020-07-05,2.2785817303267373,1.04,0.25402352968246666,0.09878692820984816,0.2318199915324437,0.23004354416362455,0.15131753127207306,0.4182038270531919,0.27549659226165474,0.35263563809491805,0.2448858597881376,0.11479024677568947,0.16931561399414194,0.2257541519921893,0.20543627831289224,0.04585631212341345,0.10078310356794164,0.13706502085240066
2020-07-06,1.9711080994017491,0.91,0.21168627473538887,0.09878692820984816,0.18967090216290847,0.17892275657170803,0.15131753127207306,0.34216676758897524,0.1836643948411032,0.2865164559521209,0.20815298081991693,0.11479024677568947,0.13545249119531355,0.3104119589892603,0.19076225843339994,0.04585631212341345,0.10078310356794164,0.10279876563930047
2020-07-07,1.7561145421076854,0.78,0.21168627473538887,0.09878692820984816,0.18967090216290847,0.15336236277574972,0.1134881484540548,0.31682108110090296,0.2387637132934341,0.2644767285711885,0.20815298081991693,0.09565853897974123,0.14674019879492306,0.19753488299316566,0.22011029819238456,0.0,0.050391551783970825,0.11993189324585055
2020-07-08,1.614675379659457,0.78,0.1693490197883111,0.06585795213989877,0.14752181279337326,0.15336236277574972,0.13240283986306392,0.29147539461283073,0.1836643948411032,0.23141713749979,0.19590868783051005,0.09565853897974123,0.1241647835957041,0.19753488299316566,0.17608823855390765,0.0,0.050391551783970825,0.08566563803275043
2020-07-09,1.5140327657616202,0.78,0.21168627473538887,0.06585795213989877,0.12644726810860565,0.12780196897979146,0.13240283986306392,0.2788025513687946,0.1836643948411032,0.23141713749979,0.19590868783051005,0.09565853897974123,0.1241647835957041,0.1410963449951183,0.11739215903593846,0.04585631212341345,0.10078310356794164,0.11993189324585055
2020-07-10,1.800265485503912,0.91,0.25402352968246666,0.06585795213989877,0.18967090216290847,0.15336236277574972,0.15131753127207306,0.3294939243449391,0.1836643948411032,0.23141713749979,0.2203972738093238,0.09565853897974123,0.1241647835957041,0.16931561399414194,0.16141421867441533,0.0,0.050391551783970825,0.10279876563930047
2020-07-11,1.684875379659457,0.78,0.25402352968246666,0.06585795213989877,0.18967090216290847,0.15336236277574972,0.13240283986306392,0.31682108110090296,0.1836643948411032,0.23141713749979,0.14693151587288253,0.09565853897974123,0.11287707599609464,0.16931561399414194,0.11739215903593846,0.0,0.050391551783970825,0.11993189324585055
2020-07-12,1.9814243442245745,0.91,0.2963607846295444,0.09878692820984816,0.21074544684767607,0.17892275657170803,0.13240283986306392,0.36751245407704747,0.2020308343252135,0.25345686488072233,0.2326415667987307,0.09565853897974123,0.15802790639453249,0.19753488299316566,0.19076225843339994,0.0,0.10078310356794164,0.11993189324585055
2020-07-13,1.53743276576162,0.78,0.21168627473538887,0.09878692820984816,0.14752181279337326,0.15336236277574972,0.1134881484540548,0.30414823785686684,0.1836643948411032,0.27549659226165474,0.2326415667987307,0.09565853897974123,0.1241647835957041,0.1410963449951183,0.16141421867441533,0.04585631212341345,0.050391551783970825,0.10279876563930047
2020-07-14,1.5444753796594572,0.78,0.25402352968246666,0.09878692820984816,0.14752181279337326,0.12780196897979146,0.09457345704504566,0.2788025513687946,0.1836643948411032,0.23141713749979,0.1836643948411032,0.09565853897974123,0.14674019879492306,0.11287707599609464,0.11739215903593846,0.04585631212341345,0.050391551783970825,0.08566563803275043
2020-07-15,1.4230818223653938,0.65,0.21168627473538887,0.03292897606994938,0.14752181279337326,0.10224157518383314,0.1134881484540548,0.2788025513687946,0.1836643948411032,0.24243700119025616,0.1836643948411032,0.07652683118379297,0.15802790639453249,0.1410963449951183,0.10271813915644612,0.0,0.050391551783970825,0.06853251042620033
2020-07-16,1.5733834790612058,0.65,0.1693490197883111,0.03292897606994938,0.14752181279337326,0.12780196897979146,0.09457345704504566,0.2661297081247585,0.16529795535699285,0.22039727380932375,0.20815298081991693,0.09565853897974123,0.13545249119531355,0.16931561399414194,0.10271813915644612,0.04585631212341345,0.050391551783970825,0.08566563803275043
2020-07-17,1.6109063966866086,0.78,0.21168627473538887,0.03292897606994938,0.16859635747814086,0.12780196897979146,0.13240283986306392,0.2788025513687946,0.16529795535699285,0.22039727380932375,0.2326415667987307,0.09565853897974123,0.15802790639453249,0.16931561399414194,0.13206617891543074,0.0,0.10078310356794164,0.10279876563930047
2020-07-18,1.8024999539806719,0.78,0.1693490197883111,0.03292897606994938,0.21074544684767607,0.17892275657170803,0.13240283986306392,0.2534568648807224,0.1836643948411032,0.24243700119025616,0.2203972738093238,0.07652683118379297,0.16931561399414194,0.2257541519921893,0.16141421867441533,0.0,0.050391551783970825,0.11993189324585055
2020-07-19,2.0004307869305107,0.78,0.21168627473538887,0.03292897606994938,0.21074544684767607,0.2044831503676663,0.13240283986306392,0.30414823785686684,0.2020308343252135,0.25345686488072233,0.20815298081991693,0.11479024677568947,0.18060332159375145,0.2539734209912129,0.16141421867441533,0.0,0.050391551783970825,0.11993189324585055
2020-07-20,1.7316753796594573,0.65,0.1693490197883111,0.06585795213989877,0.16859635747814086,0.15336236277574972,0.09457345704504566,0.30414823785686684,0.2387637132934341,0.23141713749979,0.1714201018516963,0.07652683118379297,0.15802790639453249,0.16931561399414194,0.11739215903593846,0.04585631212341345,0.050391551783970825,0.08566563803275043
2020-07-21,1.4932818223653936,0.65,0.1693490197883111,0.06585795213989877,0.16859635747814086,0.12780196897979146,0.1134881484540548,0.2534568648807224,0.16529795535699285,0.2093774101188576,0.20815298081991693,0.09565853897974123,0.14674019879492306,0.1410963449951183,0.13206617891543074,0.0,0.050391551783970825,0.10279876563930047
2020-07-22,1.6380753796594572,0.65,0.1693490197883111,0.03292897606994938,0.16859635747814086,0.12780196897979146,0.07565876563603653,0.30414823785686684,0.16529795535699285,0.2644767285711885,0.2326415667987307,0.07652683118379297,0.18060332159375145,0.16931561399414194,0.19076225843339994,0.0,0.050391551783970825,0.08566563803275043
2020-07-23,1.7082753796594572,0.78,0.21168627473538887,0.06585795213989877,0.18967090216290847,0.17892275657170803,0.07565876563603653,0.2788025513687946,0.1836643948411032,0.23141713749979,0.1836643948411032,0.07652683118379297,0.15802790639453249,0.19753488299316566,0.19076225843339994,0.0,0.10078310356794164,0.08566563803275043
2020-07-24,1.778475379659457,0.78,0.1693490197883111,0.06585795213989877,0.16859635747814086,0.2044831503676663,0.09457345704504566,0.30414823785686684,0.14693151587288253,0.22039727380932375,0.1714201018516963,0.09565853897974123,0.16931561399414194,0.1410963449951183,0.24945833795136915,0.0,0.050391551783970825,0.10279876563930047
2020-07-25,1.8323179935572942,0.78,0.1693490197883111,0.03292897606994938,0.18967090216290847,0.17892275657170803,0.09457345704504566,0.3294939243449391,0.16529795535699285,0.25345686488072233,0.20815298081991693,0.11479024677568947,0.20317873679297035,0.11287707599609464,0.2641323578308615,0.0,0.050391551783970825,0.11993189324585055
2020-07-26,1.9035571560055227,0.91,0.21168627473538887,0.06585795213989877,0.18967090216290847,0.23004354416362455,0.09457345704504566,0.3294939243449391,0.22039727380932375,0.23141713749979,0.2326415667987307,0.11479024677568947,0.2483295671914082,0.11287707599609464,0.19076225843339994,0.0,0.050391551783970825,0.11993189324585055
2020-07-27,1.6173244362632306,0.65,0.12701176484123333,0.06585795213989877,0.14752181279337326,0.12780196897979146,0.09457345704504566,0.2407840216366863,0.14693151587288253,0.24243700119025616,0.2448858597881376,0.07652683118379297,0.20317873679297035,0.11287707599609464,0.17608823855390765,0.04585631212341345,0.10078310356794164,0.10279876563930047
2020-07-28,1.5705244362632307,0.78,0.1693490197883111,0.06585795213989877,0.14752181279337326,0.12780196897979146,0.07565876563603653,0.2788025513687946,0.1285650763887722,0.25345686488072233,0.2203972738093238,0.07652683118379297,0.20317873679297035,0.11287707599609464,0.22011029819238456,0.0,0.050391551783970825,0.06853251042620033
2020-07-29,1.5868818223653938,0.78,0.1693490197883111,0.06585795213989877,0.16859635747814086,0.15336236277574972,0.09457345704504566,0.2534568648807224,0.16529795535699285,0.2644767285711885,0.2448858597881376,0.057395123387844735,0.20317873679297035,0.11287707599609464,0.24945833795136915,0.04585631212341345,0.050391551783970825,0.06853251042620033
2020-07-30,1.8720753796594571,0.91,0.21168627473538887,0.06585795213989877,0.18967090216290847,0.17892275657170803,0.13240283986306392,0.30414823785686684,0.16529795535699285,0.1983575464283914,0.20815298081991693,0.09565853897974123,0.2483295671914082,0.2539734209912129,0.22011029819238456,0.0,0.050391551783970825,0.10279876563930047
2020-07-31,2.1512654855039117,1.04,0.21168627473538887,0.03292897606994938,0.2318199915324437,0.23004354416362455,0.15131753127207306,0.31682108110090296,0.16529795535699285,0.27549659226165474,0.2326415667987307,0.11479024677568947,0.2709049823906271,0.2257541519921893,0.2641323578308615,0.0,0.050391551783970825,0.08566563803275043
2020-08-01,1.892120984813622,0.91,0.1693490197883111,0.06585795213989877,0.2318199915324437,0.17892275657170803,0.13240283986306392,0.29147539461283073,0.14693151587288253,0.22039727380932375,0.19590868783051005,0.07652683118379297,0.2483295671914082,0.1410963449951183,0.19076225843339994,0.0,0.050391551783970825,0.10279876563930047
2020-08-02,1.8513244362632306,0.78,0.12701176484123333,0.06585795213989877,0.21074544684767607,0.15336236277574972,0.1134881484540548,0.29147539461283073,0.1836643948411032,0.25345686488072233,0.2203972738093238,0.09565853897974123,0.20317873679297035,0.1410963449951183,0.16141421867441533,0.0,0.050391551783970825,0.08566563803275043
2020-08-03,1.6380753796594572,0.65,0.12701176484123333,0.03292897606994938,0.14752181279337326,0.12780196897979146,0.09457345704504566,0.2534568648807224,0.16529795535699285,0.22039727380932375,0.19590868783051005,0.07652683118379297,0.16931561399414194,0.11287707599609464,0.13206617891543074,0.0,0.050391551783970825,0.08566563803275043
2020-08-04,1.4123509894155546,0.65,0.12701176484123333,0.06585795213989877,0.12644726810860565,0.12780196897979146,0.1134881484540548,0.2534568648807224,0.11019863690466188,0.17631781904745902,0.19590868783051005,0.057395123387844735,0.15802790639453249,0.11287707599609464,0.10271813915644612,0.0,0.050391551783970825,0.10279876563930047
2020-08-05,1.7012327657616202,0.65,0.1693490197883111,0.06585795213989877,0.16859635747814086,0.15336236277574972,0.09457345704504566,0.2407840216366863,0.11019863690466188,0.22039727380932375,0.1836643948411032,0.09565853897974123,0.2144664443925798,0.1410963449951183,0.14674019879492306,0.0,0.050391551783970825,0.08566563803275043
2020-08-06,1.8045244362632307,0.78,0.1693490197883111,0.06585795213989877,0.18967090216290847,0.15336236277574972,0.09457345704504566,0.29147539461283073,0.16529795535699285,0.2644767285711885,0.1836643948411032,0.07652683118379297,0.2144664443925798,0.1410963449951183,0.13206617891543074,0.04585631212341345,0.050391551783970825,0.10279876563930047
2020-08-07,2.2077571560055227,1.17,0.1693490197883111,0.06585795213989877,0.2528945362172113,0.2556039379595829,0.1134881484540548,0.29147539461283073,0.16529795535699285,0.3195760470235195,0.20815298081991693,0.09565853897974123,0.33863122798828393,0.2539734209912129,0.16141421867441533,0.0,0.050391551783970825,0.10279876563930047
2020-08-08,2.410824574321215,1.04,0.1693490197883111,0.09878692820984816,0.2528945362172113,0.2044831503676663,0.07565876563603653,0.34216676758897524,0.1836643948411032,0.2975363196425871,0.1836643948411032,0.07652683118379297,0.33863122798828393,0.2257541519921893,0.14674019879492306,0.04585631212341345,0.050391551783970825,0.06853251042620033
2020-08-09,2.2448654855039116,0.91,0.1693490197883111,0.09878692820984816,0.2739690809019789,0.2044831503676663,0.1134881484540548,0.2788025513687946,0.16529795535699285,0.23141713749979,0.19590868783051005,0.07652683118379297,0.31605581278906497,0.19753488299316566,0.14674019879492306,0.04585631212341345,0.050391551783970825,0.08566563803275043
2020-08-10,2.0603145421076854,0.91,0.1693490197883111,0.06585795213989877,0.21074544684767607,0.17892275657170803,0.09457345704504566,0.29147539461283073,0.1836643948411032,0.23141713749979,0.14693151587288253,0.07652683118379297,0.31605581278906497,0.1410963449951183,0.13206617891543074,0.0,0.050391551783970825,0.10279876563930047
2020-08-11,1.9896999539806721,0.78,0.1693490197883111,0.09878692820984816,0.18967090216290847,0.2044831503676663,0.07565876563603653,0.2661297081247585,0.14693151587288253,0.22039727380932375,0.1714201018516963,0.057395123387844735,0.3612066431875029,0.11287707599609464,0.16141421867441533,0.04585631212341345,0.050391551783970825,0.05139938281965024
2020-08-12,2.1353226875287623,0.91,0.1693490197883111,0.09878692820984816,0.21074544684767607,0.23004354416362455,0.09457345704504566,0.29147539461283073,0.14693151587288253,0.23141713749979,0.1836643948411032,0.09565853897974123,0.3950697659863313,0.16931561399414194,0.24945833795136915,0.0,0.050391551783970825,0.11993189324585055
2020-08-13,2.410409986194202,1.3,0.1693490197883111,0.09878692820984816,0.2950436255867465,0.2811643317555411,0.1134881484540548,0.3294939243449391,0.1836643948411032,0.24243700119025616,0.1836643948411032,0.11479024677568947,0.3950697659863313,0.16931561399414194,0.19076225843339994,0.0,0.050391551783970825,0.11993189324585055
2020-08-14,2.4435016566958123,1.17,0.1693490197883111,0.13171590427979754,0.2739690809019789,0.23004354416362455,0.07565876563603653,0.3801852973210836,0.1836643948411032,0.2975363196425871,0.1714201018516963,0.09565853897974123,0.44022059638476907,0.2257541519921893,0.22011029819238456,0.0,0.050391551783970825,0.15419814845895075
2020-08-15,2.886491762540267,1.4300000000000002,0.21168627473538887,0.13171590427979754,0.3582672596410493,0.3322851193474577,0.13240283986306392,0.4182038270531919,0.2020308343252135,0.3085561833330533,0.2693744457669513,0.11479024677568947,0.4289328887851596,0.2257541519921893,0.24945833795136915,0.0,0.10078310356794164,0.15419814845895075
2020-08-16,3.216875425678785,1.69,0.25402352968246666,0.09878692820984816,0.3582672596410493,0.3834059069393743,0.1134881484540548,0.3928581405651197,0.2020308343252135,0.3746753654758505,0.3183516177245788,0.09565853897974123,0.41764518118555016,0.2539734209912129,0.24945833795136915,0.0917126242468269,0.050391551783970825,0.13706502085240066
2020-08-17,2.6557653934652556,1.3,0.1693490197883111,0.09878692820984816,0.2950436255867465,0.2556039379595829,0.09457345704504566,0.3294939243449391,0.22039727380932375,0.2644767285711885,0.2203972738093238,0.07652683118379297,0.3273435203886744,0.2257541519921893,0.22011029819238456,0.0917126242468269,0.10078310356794164,0.08566563803275043
2020-08-18,2.322732673722964,1.04,0.12701176484123333,0.13171590427979754,0.2528945362172113,0.23004354416362455,0.1134881484540548,0.30414823785686684,0.2020308343252135,0.25345686488072233,0.20815298081991693,0.057395123387844735,0.2934803975898461,0.1410963449951183,0.19076225843339994,0.04585631212341345,0.050391551783970825,0.11993189324585055
2020-08-19,2.369947261849977,1.04,0.1693490197883111,0.09878692820984816,0.2528945362172113,0.2556039379595829,0.1134881484540548,0.30414823785686684,0.22039727380932375,0.23141713749979,0.19590868783051005,0.09565853897974123,0.3047681051894555,0.16931561399414194,0.20543627831289224,0.0,0.050391551783970825,0.08566563803275043
2020-08-20,2.7832000920386566,1.4300000000000002,0.21168627473538887,0.13171590427979754,0.3582672596410493,0.30672472555149943,0.13240283986306392,0.3801852973210836,0.2387637132934341,0.3085561833330533,0.2203972738093238,0.07652683118379297,0.31605581278906497,0.19753488299316566,0.24945833795136915,0.0,0.050391551783970825,0.11993189324585055
2020-08-21,3.101485319834331,1.4300000000000002,0.21168627473538887,0.13171590427979754,0.3582672596410493,0.3322851193474577,0.1134881484540548,0.36751245407704747,0.2571301527775444,0.2975363196425871,0.19590868783051005,0.09565853897974123,0.3273435203886744,0.19753488299316566,0.22011029819238456,0.0,0.050391551783970825,0.13706502085240066
2020-08-22,3.7494488725264614,1.82,0.3386980395766222,0.13171590427979754,0.44256543838011975,0.4089663007353326,0.09457345704504566,0.4815680432733726,0.2571301527775444,0.4407945476186476,0.2448858597881376,0.09565853897974123,0.3273435203886744,0.16931561399414194,0.3081544174693384,0.0,0.050391551783970825,0.13706502085240066
2020-08-23,3.2232934652554075,1.56,0.25402352968246666,0.16464488034974692,0.3371927149562817,0.3322851193474577,0.1134881484540548,0.4055309838091558,0.22039727380932375,0.33059591071398564,0.2203972738093238,0.09565853897974123,0.2821926899902366,0.16931561399414194,0.3521764771078153,0.0,0.10078310356794164,0.13706502085240066
2020-08-24,2.748740819144041,1.3,0.21168627473538887,0.13171590427979754,0.3161181702715141,0.23004354416362455,0.07565876563603653,0.3548396108330113,0.22039727380932375,0.3085561833330533,0.1836643948411032,0.09565853897974123,0.2483295671914082,0.1410963449951183,0.22011029819238456,0.0,0.10078310356794164,0.10279876563930047
2020-08-25,2.64544914864243,1.3,0.21168627473538887,0.13171590427979754,0.2528945362172113,0.2811643317555411,0.07565876563603653,0.36751245407704747,0.2020308343252135,0.2975363196425871,0.20815298081991693,0.07652683118379297,0.20317873679297035,0.11287707599609464,0.20543627831289224,0.0,0.10078310356794164,0.08566563803275043
2020-08-26,2.470175287620801,1.04,0.1693490197883111,0.16464488034974692,0.2318199915324437,0.17892275657170803,0.07565876563603653,0.31682108110090296,0.16529795535699285,0.23141713749979,0.1714201018516963,0.07652683118379297,0.2257541519921893,0.1410963449951183,0.22011029819238456,0.0,0.050391551783970825,0.10279876563930047
2020-08-27,2.553459042797975,1.17,0.21168627473538887,0.09878692820984816,0.3161181702715141,0.2556039379595829,0.07565876563603653,0.34216676758897524,0.16529795535699285,0.25345686488072233,0.1836643948411032,0.07652683118379297,0.2257541519921893,0.1410963449951183,0.24945833795136915,0.0,0.050391551783970825,0.11993189324585055
2020-08-28,2.3900736309249884,1.3,0.21168627473538887,0.13171590427979754,0.2739690809019789,0.23004354416362455,0.1134881484540548,0.36751245407704747,0.2020308343252135,0.2644767285711885,0.20815298081991693,0.07652683118379297,0.16931561399414194,0.11287707599609464,0.20543627831289224,0.0,0.10078310356794164,0.11993189324585055
2020-08-29,2.346132673722964,1.17,0.1693490197883111,0.09878692820984816,0.2528945362172113,0.2044831503676663,0.07565876563603653,0.34216676758897524,0.2020308343252135,0.27549659226165474,0.1836643948411032,0.07652683118379297,0.19189102919336087,0.1410963449951183,0.24945833795136915,0.0,0.050391551783970825,0.11993189324585055
2020-08-30,2.410409986194202,1.17,0.21168627473538887,0.13171590427979754,0.2739690809019789,0.2044831503676663,0.09457345704504566,0.3801852973210836,0.16529795535699285,0.27549659226165474,0.19590868783051005,0.07652683118379297,0.19189102919336087,0.1410963449951183,0.32282843734883065,0.0,0.050391551783970825,0.08566563803275043
2020-08-31,2.1910228716060747,1.17,0.1693490197883111,0.09878692820984816,0.2318199915324437,0.2044831503676663,0.07565876563603653,0.4562223567853002,0.14693151587288253,0.27549659226165474,0.1714201018516963,0.07652683118379297,0.18060332159375145,0.11287707599609464,0.27880637771035377,0.0,0.050391551783970825,0.08566563803275043
