date,coronavirus,corona,coronavirus italia,notizie coronavirus,ultime coronavirus,news coronavirus,ultime notizie coronavirus,coronavirus milano,coronavirus lombardia,decreto coronavirus,coronavirus sintomi,casi coronavirus,coronavirus veneto,coronavirus oggi,coronavirus in italia,coronavirus contagi,contagi coronavirus,morti coronavirus,mappa coronavirus,coronavirus roma,coronavirus piemonte,campania coronavirus,bollettino coronavirus,coronavirus mondo,dati coronavirus,coronavirus sicilia
2020-01-01,0,0.23,0.0,0.0,0.0,0.0,0.0,0.0,0.0,0.0,0.0,0.0,0.0,0.0,0.0,0.0,0.0,0.0,0.0,0.0,0.0,0.0,0.0,0.0,0.0,0.0
2020-01-02,0,0.23,0.0,0.0,0.0,0.0,0.0,0.0,0.0,0.0,0.0,0.0,0.0,0.0,0.0,0.0,0.0,0.0,0.0,0.0,0.0,0.0,0.0,0.0,0.0,0.0
2020-01-03,0,0.23,0.0,0.0,0.0,0.0,0.0,0.0,0.0,0.0,0.0,0.0,0.0,0.0,0.0,0.0,0.0,0.0,0.0,0.0,0.0,0.0,0.0,0.0,0.0,0.0
2020-01-04,0,0.23,0.0,0.0,0.0,0.0,0.0,0.0,0.0,0.0,0.0,0.0,0.0,0.0,0.0,0.0,0.0,0.0,0.0,0.0,0.0,0.0,0.0,0.0,0.0,0.0
2020-01-05,0,0.23,0.0,0.0,0.0,0.0,0.0,0.0,0.0,0.0,0.0,0.0,0.0,0.0,0.0,0.0,0.0,0.0,0.0,0.0,0.0,0.0,0.0,0.0,0.0,0.0
2020-01-06,0,0.23,0.0,0.0,0.0,0.0,0.0,0.0,0.0,0.0,0.0,0.0,0.0,0.0,0.0,0.0,0.0,0.0,0.0,0.0,0.0,0.0,0.0,0.0,0.0,0.0
2020-01-07,0,0.23,0.0,0.0,0.0,0.0,0.0,0.0,0.0,0.0,0.0,0.0,0.0,0.0,0.0,0.0,0.0,0.0,0.0,0.0,0.0,0.0,0.0,0.0,0.0,0.0
2020-01-08,0,0.23,0.0,0.0,0.0,0.0,0.0,0.0,0.0,0.0,0.0,0.0,0.0,0.0,0.0,0.0,0.0,0.0,0.0,0.0,0.0,0.0,0.0,0.0,0.0,0.0
2020-01-09,0,0.23,0.0,0.0,0.0,0.0,0.0,0.0,0.0,0.0,0.0,0.0,0.0,0.0,0.0,0.0,0.0,0.0,0.0,0.0,0.0,0.0,0.0,0.0,0.0,0.0
2020-01-10,0,0.23,0.0,0.0,0.0,0.0,0.0,0.0,0.0,0.0,0.0,0.0,0.0,0.0,0.0,0.0,0.0,0.0,0.0,0.0,0.0,0.0,0.0,0.0,0.0,0.0
2020-01-11,0,0.23,0.0,0.0,0.0,0.0,0.0,0.0,0.0,0.0,0.0,0.0,0.0,0.0,0.0,0.0,0.0,0.0,0.0,0.0,0.0,0.0,0.0,0.0,0.0,0.0
2020-01-12,0,0.23,0.0,0.0,0.0,0.0,0.0,0.0,0.0,0.0,0.0,0.0,0.0,0.0,0.0,0.0,0.0,0.0,0.0,0.0,0.0,0.0,0.0,0.0,0.0,0.0
2020-01-13,0,0.23,0.0,0.0,0.0,0.0,0.0,0.0,0.0,0.0,0.0,0.0,0.0,0.0,0.0,0.0,0.0,0.0,0.0,0.0,0.0,0.0,0.0,0.0,0.0,0.0
2020-01-14,0,0.23,0.0,0.0,0.0,0.0,0.0,0.0,0.0,0.0,0.0,0.0,0.0,0.0,0.0,0.0,0.0,0.0,0.0,0.0,0.0,0.0,0.0,0.0,0.0,0.0
2020-01-15,0,0.23,0.0,0.0,0.0,0.0,0.0,0.0,0.0,0.0,0.0,0.0,0.0,0.0,0.0,0.0,0.0,0.0,0.0,0.0,0.0,0.0,0.0,0.0,0.0,0.0
2020-01-16,0,0.23,0.0,0.0,0.0,0.0,0.0,0.0,0.0,0.0,0.0,0.0,0.0,0.0,0.0,0.0,0.0,0.0,0.0,0.0,0.0,0.0,0.0,0.0,0.0,0.0
2020-01-17,0,0.23,0.0,0.0,0.0,0.0,0.0,0.0,0.0,0.0,0.0,0.0,0.0,0.0,0.0,0.0,0.0,0.0,0.0,0.0,0.0,0.0,0.0,0.0,0.0,0.0
2020-01-18,0,0.23,0.0,0.0,0.0,0.0,0.0,0.0,0.0,0.0,0.0,0.0,0.0,0.0,0.0,0.0,0.0,0.0,0.0,0.0,0.0,0.0,0.0,0.0,0.0,0.0
2020-01-19,0,0.46,0.0,0.0,0.0,0.0,0.0,0.0,0.0,0.0,0.0,0.0,0.0,0.0,0.0,0.0,0.0,0.0,0.0,0.0,0.0,0.0,0.0,0.0,0.0,0.0
2020-01-20,0,0.23,0.0,0.0,0.0,0.0,0.0,0.0,0.0,0.0,0.0,0.0,0.0,0.0,0.0,0.0,0.0,0.0,0.0,0.0,0.0,0.0,0.0,0.0,0.0,0.0
2020-01-21,0,0.23,0.0,0.0,0.0,0.0,0.0,0.0,0.0,0.0,0.03342159148340275,0.0,0.0,0.0,0.0,0.0,0.0,0.0,0.0,0.0,0.0,0.0,0.0,0.0,0.0,0.0
2020-01-22,1,0.46,0.0,0.0,0.0,0.0,0.0,0.0,0.0,0.0,0.0668431829668055,0.0,0.0,0.0,0.020917346868622507,0.0,0.0,0.0,0.0,0.018282873547682547,0.0,0.0,0.0,0.0,0.0,0.0
2020-01-23,2,0.46,0.1311,0.0,0.0,0.0,0.0,0.0,0.0,0.0,0.2005295489004165,0.0,0.0,0.0,0.020917346868622507,0.0,0.0,0.018654089937437553,0.0,0.018282873547682547,0.0,0.0,0.0,0.0,0.0,0.0
2020-01-24,2,0.6900000000000001,0.1311,0.0,0.0,0.046604476799999996,0.0,0.0,0.0,0.0,0.23395114038381926,0.026403057271888172,0.0,0.0,0.020917346868622507,0.0,0.0,0.018654089937437553,0.0,0.018282873547682547,0.0,0.0,0.0,0.013006289978832982,0.0,0.0
2020-01-25,3,0.92,0.1311,0.05506199999999999,0.0,0.046604476799999996,0.046604476799999996,0.0,0.0,0.0,0.36763750631743025,0.026403057271888172,0.0,0.024322496358863382,0.020917346868622507,0.0,0.0,0.05596226981231266,0.0,0.03656574709536509,0.0,0.0,0.0,0.013006289978832982,0.0,0.0
2020-01-26,4,0.92,0.1311,0.05506199999999999,0.05065703999999999,0.09320895359999999,0.046604476799999996,0.045672387264,0.0,0.0,0.4344806892842357,0.026403057271888172,0.0,0.048644992717726765,0.041834693737245014,0.0,0.0,0.05596226981231266,0.018467549038063177,0.03656574709536509,0.0,0.0,0.0,0.013006289978832982,0.012746164179256322,0.0
2020-01-27,4,1.1500000000000001,0.2622,0.05506199999999999,0.05065703999999999,0.1398134304,0.046604476799999996,0.045672387264,0.0,0.0,0.401059097800833,0.026403057271888172,0.0,0.024322496358863382,0.041834693737245014,0.020498999931250057,0.020498999931250057,0.09327044968718777,0.036935098076126355,0.018282873547682547,0.0,0.0,0.0,0.013006289978832982,0.0,0.0
2020-01-28,8,1.84,0.6555,0.11012399999999999,0.10131407999999999,0.18641790719999998,0.09320895359999999,0.045672387264,0.0,0.0,0.9692261530186798,0.10561222908755269,0.0,0.048644992717726765,0.10458673434311254,0.0,0.0,0.13057862956206287,0.11080529422837906,0.054848620643047644,0.016088928721960643,0.0,0.0,0.026012579957665965,0.012746164179256322,0.01223631761208607
2020-01-29,7,1.84,0.3933,0.16518599999999997,0.10131407999999999,0.23302238399999997,0.09320895359999999,0.045672387264,0.0,0.0,0.7686966041182632,0.10561222908755269,0.0,0.048644992717726765,0.08366938747449003,0.0,0.0,0.14923271949950043,0.11080529422837906,0.12798011483377783,0.0,0.0,0.0,0.039018869936498946,0.012746164179256322,0.01223631761208607
2020-01-30,15,3.22,2.2287,0.27530999999999994,0.20262815999999997,0.4194402912,0.1398134304,0.137017161792,0.0,0.0,1.5373932082365265,0.5544642027096516,0.0,0.09728998543545353,0.5020163248469401,0.020498999931250057,0.020498999931250057,0.3544277088113135,0.24007813749482132,0.9872751715748576,0.016088928721960643,0.0,0.013006289978832982,0.07803773987299789,0.025492328358512645,0.01223631761208607
2020-01-31,22,4.37,3.0153,0.49555799999999994,0.40525631999999995,0.6524626751999999,0.2796268608,0.22836193632,0.0,0.0,2.5734625442220116,0.5808672599815398,0.19855099068459905,0.12161248179431691,0.7111897935331652,0.04099799986250011,0.04099799986250011,0.6342390578728768,0.36935098076126355,1.371215516076191,0.0,0.013836478700886152,0.013006289978832982,0.10405031983066386,0.03823849253776897,0.04894527044834428
2020-02-01,12,2.7600000000000002,1.4421,0.44049599999999994,0.35459927999999996,0.46604476799999994,0.2796268608,0.137017161792,0.044302215646079994,0.0,0.802118195601666,0.2904336299907699,0.049637747671149764,0.1459349781531803,0.3346775498979601,0.020498999931250057,0.020498999931250057,0.3730817987487511,0.22161058845675813,0.47535471223974624,0.0,0.013836478700886152,0.013006289978832982,0.09104402985183088,0.025492328358512645,0.01223631761208607
2020-02-02,8,1.84,0.6555,0.27530999999999994,0.20262815999999997,0.32623133759999995,0.23302238399999997,0.045672387264,0.0,0.0,0.36763750631743025,0.13201528635944088,0.024818873835574882,0.07296748907659015,0.16733877494898006,0.020498999931250057,0.020498999931250057,0.26115725912412574,0.1662079413425686,0.18282873547682546,0.0,0.0,0.013006289978832982,0.06503144989416491,0.012746164179256322,0.01223631761208607
2020-02-03,5,1.3800000000000001,0.3933,0.22024799999999997,0.15197112,0.23302238399999997,0.1398134304,0.045672387264,0.0,0.0,0.23395114038381926,0.07920917181566452,0.0,0.07296748907659015,0.08366938747449003,0.020498999931250057,0.020498999931250057,0.18654089937437554,0.14774039230450542,0.10969724128609529,0.0,0.0,0.013006289978832982,0.05202515991533193,0.025492328358512645,0.0
2020-02-04,5,1.1500000000000001,0.3933,0.22024799999999997,0.20262815999999997,0.23302238399999997,0.18641790719999998,0.045672387264,0.0,0.0,0.2005295489004165,0.07920917181566452,0.0,0.048644992717726765,0.08366938747449003,0.020498999931250057,0.020498999931250057,0.2051949893118131,0.11080529422837906,0.14626298838146037,0.0,0.013836478700886152,0.013006289978832982,0.039018869936498946,0.012746164179256322,0.0
2020-02-05,4,0.92,0.2622,0.22024799999999997,0.15197112,0.23302238399999997,0.1398134304,0.045672387264,0.0,0.0,0.10026477445020825,0.07920917181566452,0.024818873835574882,0.07296748907659015,0.08366938747449003,0.020498999931250057,0.020498999931250057,0.16788680943693798,0.12927284326644223,0.14626298838146037,0.016088928721960643,0.0,0.013006289978832982,0.039018869936498946,0.012746164179256322,0.0
2020-02-06,4,0.92,0.3933,0.16518599999999997,0.15197112,0.23302238399999997,0.1398134304,0.045672387264,0.0,0.0,0.133686365933611,0.07920917181566452,0.0,0.07296748907659015,0.06275204060586752,0.0,0.0,0.2051949893118131,0.11080529422837906,0.12798011483377783,0.0,0.0,0.013006289978832982,0.026012579957665965,0.025492328358512645,0.01223631761208607
2020-02-07,4,0.92,0.3933,0.16518599999999997,0.15197112,0.23302238399999997,0.1398134304,0.045672387264,0.0,0.0,0.16710795741701373,0.07920917181566452,0.0,0.048644992717726765,0.08366938747449003,0.020498999931250057,0.020498999931250057,0.18654089937437554,0.11080529422837906,0.10969724128609529,0.016088928721960643,0.0,0.013006289978832982,0.039018869936498946,0.03823849253776897,0.0
2020-02-08,4,0.92,0.2622,0.16518599999999997,0.15197112,0.18641790719999998,0.09320895359999999,0.045672387264,0.0,0.0,0.16710795741701373,0.07920917181566452,0.0,0.07296748907659015,0.06275204060586752,0.020498999931250057,0.020498999931250057,0.16788680943693798,0.11080529422837906,0.09141436773841273,0.016088928721960643,0.013836478700886152,0.013006289978832982,0.039018869936498946,0.012746164179256322,0.0
2020-02-09,4,0.92,0.2622,0.16518599999999997,0.15197112,0.18641790719999998,0.09320895359999999,0.045672387264,0.0,0.0,0.133686365933611,0.07920917181566452,0.0,0.07296748907659015,0.06275204060586752,0.020498999931250057,0.020498999931250057,0.2051949893118131,0.11080529422837906,0.10969724128609529,0.0,0.0,0.013006289978832982,0.026012579957665965,0.012746164179256322,0.0
2020-02-10,4,1.1500000000000001,0.2622,0.22024799999999997,0.15197112,0.18641790719999998,0.1398134304,0.045672387264,0.0,0.0,0.16710795741701373,0.052806114543776345,0.0,0.048644992717726765,0.06275204060586752,0.020498999931250057,0.020498999931250057,0.18654089937437554,0.09233774519031589,0.09141436773841273,0.0,0.0,0.013006289978832982,0.026012579957665965,0.012746164179256322,0.01223631761208607
2020-02-11,5,1.84,0.3933,0.22024799999999997,0.15197112,0.23302238399999997,0.1398134304,0.045672387264,0.0,0.0,0.16710795741701373,0.07920917181566452,0.0,0.07296748907659015,0.06275204060586752,0.020498999931250057,0.020498999931250057,0.18654089937437554,0.14774039230450542,0.09141436773841273,0.0,0.0,0.013006289978832982,0.026012579957665965,0.025492328358512645,0.01223631761208607
2020-02-12,4,1.1500000000000001,0.2622,0.16518599999999997,0.15197112,0.18641790719999998,0.1398134304,0.045672387264,0.0,0.0,0.10026477445020825,0.07920917181566452,0.0,0.048644992717726765,0.08366938747449003,0.020498999931250057,0.020498999931250057,0.18654089937437554,0.11080529422837906,0.07313149419073019,0.0,0.013836478700886152,0.0,0.026012579957665965,0.025492328358512645,0.0
2020-02-13,4,1.1500000000000001,0.2622,0.22024799999999997,0.15197112,0.23302238399999997,0.1398134304,0.045672387264,0.0,0.0,0.10026477445020825,0.07920917181566452,0.0,0.048644992717726765,0.06275204060586752,0.020498999931250057,0.020498999931250057,0.2051949893118131,0.12927284326644223,0.054848620643047644,0.0,0.0,0.013006289978832982,0.039018869936498946,0.025492328358512645,0.01223631761208607
2020-02-14,4,0.92,0.2622,0.16518599999999997,0.15197112,0.18641790719999998,0.1398134304,0.0,0.0,0.0,0.10026477445020825,0.052806114543776345,0.0,0.024322496358863382,0.06275204060586752,0.020498999931250057,0.020498999931250057,0.2051949893118131,0.11080529422837906,0.03656574709536509,0.016088928721960643,0.0,0.0,0.026012579957665965,0.025492328358512645,0.01223631761208607
2020-02-15,4,0.92,0.2622,0.16518599999999997,0.15197112,0.18641790719999998,0.09320895359999999,0.045672387264,0.0,0.0,0.133686365933611,0.052806114543776345,0.0,0.07296748907659015,0.08366938747449003,0.020498999931250057,0.020498999931250057,0.22384907924925063,0.11080529422837906,0.054848620643047644,0.0,0.0,0.013006289978832982,0.026012579957665965,0.025492328358512645,0.01223631761208607
2020-02-16,3,0.6900000000000001,0.1311,0.11012399999999999,0.10131407999999999,0.18641790719999998,0.09320895359999999,0.045672387264,0.0,0.0,0.10026477445020825,0.052806114543776345,0.0,0.07296748907659015,0.041834693737245014,0.020498999931250057,0.020498999931250057,0.2051949893118131,0.09233774519031589,0.054848620643047644,0.0,0.0,0.013006289978832982,0.026012579957665965,0.012746164179256322,0.0
2020-02-17,3,0.92,0.1311,0.16518599999999997,0.10131407999999999,0.18641790719999998,0.09320895359999999,0.045672387264,0.0,0.0,0.0668431829668055,0.052806114543776345,0.0,0.07296748907659015,0.041834693737245014,0.020498999931250057,0.020498999931250057,0.14923271949950043,0.11080529422837906,0.054848620643047644,0.0,0.0,0.0,0.013006289978832982,0.025492328358512645,0.01223631761208607
2020-02-18,3,0.92,0.1311,0.11012399999999999,0.10131407999999999,0.18641790719999998,0.09320895359999999,0.045672387264,0.0,0.0,0.0668431829668055,0.026403057271888172,0.0,0.048644992717726765,0.041834693737245014,0.020498999931250057,0.020498999931250057,0.16788680943693798,0.09233774519031589,0.03656574709536509,0.0,0.0,0.0,0.013006289978832982,0.012746164179256322,0.01223631761208607
2020-02-19,3,0.6900000000000001,0.1311,0.11012399999999999,0.10131407999999999,0.1398134304,0.046604476799999996,0.0,0.0,0.0,0.0668431829668055,0.026403057271888172,0.0,0.048644992717726765,0.041834693737245014,0.020498999931250057,0.020498999931250057,0.16788680943693798,0.07387019615225271,0.03656574709536509,0.0,0.0,0.013006289978832982,0.026012579957665965,0.012746164179256322,0.0
2020-02-20,2,0.6900000000000001,0.1311,0.11012399999999999,0.10131407999999999,0.1398134304,0.046604476799999996,0.045672387264,0.0,0.0,0.0668431829668055,0.026403057271888172,0.0,0.048644992717726765,0.020917346868622507,0.0,0.0,0.14923271949950043,0.07387019615225271,0.03656574709536509,0.0,0.0,0.0,0.013006289978832982,0.012746164179256322,0.0
2020-02-21,34,8.97,4.8507,0.9360539999999998,0.7598555999999999,1.0719029664,0.6524626751999999,1.644205941504,2.6138307231187197,0.0,2.2058250379045816,0.8713008899723097,0.8190228365739711,0.2675474599474972,0.8994459153507678,0.2459879991750007,0.2459879991750007,0.6528931478103144,0.7017668634464007,0.32909172385828583,0.048266786165881925,0.041509436102658455,0.013006289978832982,0.28613837953432564,0.07647698507553793,0.036708952836258205
2020-02-22,74,16.1,10.488,2.4777899999999997,1.9756245599999998,2.6564551776,1.6777611648,3.4254290448,3.3669683891020794,0.12227411518318079,2.7405705016390254,1.6369895508570667,2.0351476545171403,0.6567074016893113,1.5478836682780654,0.4919759983500014,0.4919759983500014,1.0632831264339406,1.0341827461315378,0.804446436098032,0.6274682201564651,0.15220126570974768,0.013006289978832982,0.5722767590686513,0.14020780597181953,0.23249003462963533
2020-02-23,100,23.0,13.11,4.404959999999999,3.5966498399999995,4.1477984351999995,3.3089178527999996,4.567238726399999,4.430221564607999,0.3668223455495424,2.907678459056039,2.6403057271888173,2.4818873835574884,0.9972223507133987,2.091734686862251,1.065947996425003,1.065947996425003,1.1192453962462532,1.6990145115018123,1.4443470102669211,1.6088928721960642,0.38742140362481226,0.039018869936498946,1.1185409381796365,0.19119246268884482,0.46498006925927066
2020-02-24,90,21.16,12.0612,5.506199999999999,5.065703999999999,4.66044768,4.66044768,2.694670848576,2.6138307231187197,0.1630321535775744,1.8381875315871512,2.270662925382383,1.7621400423258167,0.9972223507133987,1.9243959119132708,0.9429539968375026,0.9429539968375026,1.175207666058566,1.56974166823537,1.5906099986483815,1.2871142977568515,0.7471698498478522,0.06503144989416491,0.8584151386029768,0.20393862686810116,0.6607611510526478
2020-02-25,75,15.41,10.2258,4.955579999999999,4.356505439999999,4.007985004799999,4.1011939584,1.461516392448,1.8163908414892798,0.1630321535775744,1.2700204763693044,1.7690048372165075,1.3898569347921934,0.8512873725602184,1.6106357088839331,0.7379639975250021,0.7379639975250021,0.8207799572472524,1.16345558939798,1.2432354012424132,0.7722685786541108,0.3735849249239261,0.06503144989416491,0.6112956290051502,0.14020780597181953,1.223631761208607
2020-02-26,58,11.96,7.7349,3.9094019999999996,3.4446787199999997,3.2157088991999996,3.2157088991999996,1.096137294336,1.5062753319667197,0.203790191971968,0.9692261530186798,1.4257650926819614,1.1913059441075944,0.6810298980481747,1.1504540777742378,0.6149699979375017,0.6149699979375017,0.5223145182482515,0.9972476480554116,0.8592950567410796,0.5792014339905831,1.3836478700886152,0.039018869936498946,0.46822643923798735,0.12746164179256322,0.6729974686647339
2020-02-27,48,9.200000000000001,6.4239,3.2486579999999994,2.8367942399999997,2.6098507007999996,2.563246224,0.959120132544,1.2404620380902398,0.12227411518318079,0.7352750126348605,1.2937498063225203,0.9927549534229952,0.5837399126127212,0.9621979559566354,0.5944709980062517,0.5944709980062517,0.6715472377477519,0.7941046086367166,0.6216177006212066,0.8527132222639141,1.272956040481526,0.026012579957665965,0.4292075693014884,0.1147154776133069,0.5383979749317871
2020-02-28,42,7.590000000000001,5.5062,2.7530999999999994,2.5328519999999997,2.4700372703999998,2.2836193631999997,1.0047925198079999,1.7277864101971199,0.0815160767887872,0.6350102381846522,1.1353314626911915,0.9431172057518455,0.5837399126127212,0.8994459153507678,0.5534729981437515,0.5534729981437515,0.42904406856106375,0.7387019615225271,0.5119204593351113,1.077958224371363,0.6918239350443076,0.06503144989416491,0.3771824093861565,0.1147154776133069,0.35485321075049603
2020-02-29,43,7.36,5.244,2.808162,2.4821949599999997,2.3768283167999997,2.2836193631999997,0.8677753580159999,1.8606930571353597,0.3668223455495424,0.7018534211514578,1.1617345199630795,1.5884079254767924,0.6080624089715846,0.8994459153507678,0.5329739982125015,0.5329739982125015,0.5223145182482515,0.720234412484464,0.804446436098032,1.399736798810576,0.996226466463803,0.06503144989416491,0.39018869936498946,0.12746164179256322,0.26919898746589355
2020-03-01,39,7.13,4.8507,2.4227279999999998,2.1782527199999997,2.0972014559999996,2.0039925023999996,0.822102970752,1.15185760679808,0.5706125375215103,0.802118195601666,1.2673467490506323,0.8190228365739711,0.632384905330448,0.8994459153507678,0.5124749982812514,0.5124749982812514,0.5223145182482515,0.6832993144083376,0.8958608038364448,0.7883575073760715,1.0654088599682336,0.05202515991533193,0.5072453091744863,0.14020780597181953,0.3303805755263239
2020-03-02,40,6.44,4.7196,2.1474179999999996,1.8743104799999997,2.0972014559999996,1.7709701183999997,0.730758196224,0.7531376659833598,0.28530626876075516,1.0360693359854851,1.1353314626911915,0.6204718458893721,0.6080624089715846,0.8366938747449003,0.6149699979375017,0.6149699979375017,0.5036604283108139,0.6832993144083376,1.4626298838146037,1.1584028679811662,1.0238994238655752,0.06503144989416491,0.4552201492591544,0.10196931343405058,0.40379848119884026
2020-03-03,42,6.9,4.8507,2.367666,2.07693864,2.0972014559999996,1.8641790719999998,0.730758196224,0.7974398816294399,0.1630321535775744,1.0360693359854851,1.2409436917787442,0.6452907197249469,0.632384905330448,0.8994459153507678,0.5944709980062517,0.5944709980062517,0.6155849679354393,0.7017668634464007,1.2798011483377782,0.7400907212101896,0.8993711155575999,0.11705660980949684,0.4292075693014884,0.15295397015107587,0.3915621635867542
2020-03-04,62,10.35,7.4727,3.6340919999999994,3.2420505599999996,3.1224999455999995,2.9360820384,0.91344774528,1.1961598224441599,1.3042572286205951,1.604236391203332,1.5841834363132903,0.843841710409546,0.8999323652779452,1.443296933934953,0.8814569970437525,0.8814569970437525,0.8953963169970025,1.0341827461315378,1.7734387341252071,1.0940471530933238,0.9685535090620306,0.13006289978832983,0.6893333688781481,0.25492328358512645,0.5751069277680453
2020-03-05,53,8.74,5.8995,2.8632239999999998,2.5835090399999996,2.7030596543999996,2.2370148864,0.822102970752,0.8860443129215999,0.9781929214654463,1.7713443486203457,1.5841834363132903,0.6949284673960967,0.8756098689190818,1.2132061183801055,0.9839519967000028,0.9839519967000028,0.8207799572472524,1.16345558939798,1.3529326425285084,1.0136025094835206,0.8025157646513968,0.16908176972482877,0.74135852879348,0.3441464328399207,0.5628706101559592
2020-03-06,56,9.200000000000001,6.2928,2.9733479999999997,2.5835090399999996,2.7962686079999997,2.33022384,0.776430583488,1.0632531755059198,0.3668223455495424,1.9384523060373595,1.716198722672731,0.6701095935605218,0.8999323652779452,1.1295367309056155,1.0249499965625029,1.0249499965625029,0.7648176874349397,1.2557933345882961,1.3346497689808259,0.9653357233176386,0.9132075942584861,0.2211069296401607,0.8193962686664779,0.3441464328399207,0.5506342925438731
2020-03-07,69,10.58,7.6038,3.6891539999999994,3.2420505599999996,3.6817536671999997,2.9360820384,1.1418096815999998,3.5884794673324794,1.630321535775744,2.7739920931224282,1.9538262381197247,1.042392701094145,1.1188348325077155,1.317792852723218,1.106945996287503,1.106945996287503,0.7834717773723773,1.5143390211211805,1.3163668954331433,1.2871142977568515,1.1207547747717783,0.28613837953432564,0.8584151386029768,0.395131089556946,0.7831243271735084
2020-03-08,78,11.96,8.6526,3.5790299999999995,3.1913935199999997,3.4021268063999996,2.7030596543999996,1.415844005184,2.6138307231187197,3.138368956368307,3.074786416473053,2.1914537535667185,1.042392701094145,1.4836722778906664,1.5478836682780654,1.5579239947750043,1.5579239947750043,1.1378994861836909,1.8467549038063178,1.5540442515530164,1.399736798810576,1.2037736469770952,0.48123272921682037,1.2355975479891332,0.5735773880665345,0.9544327737427134
2020-03-09,83,13.110000000000001,10.8813,4.074587999999999,3.4446787199999997,3.7283581439999995,3.0292909919999995,1.096137294336,1.6391819789049598,2.200934073297254,3.342159148340275,2.138647639022942,0.9431172057518455,1.6296072560438466,1.694305096358423,1.6809179943625046,1.6809179943625046,1.081937216371378,1.7359496095779388,1.8282873547682548,1.3836478700886152,1.189937168276209,0.5592704690898183,1.0925283582219705,0.6882928656798414,1.0156143618031437
2020-03-10,79,12.65,10.2258,3.6340919999999994,3.1407364799999997,3.5419402367999995,2.6098507007999996,0.8677753580159999,1.7720886258431998,2.119417996508467,2.941100050539442,2.0594384672072774,0.8686605842451208,1.7998647305558904,1.5897183620153106,2.0498999931250057,2.0498999931250057,0.9140504069344401,1.4774039230450542,1.371215516076191,0.8848910797078353,1.0377359025664614,0.754364818772313,1.0925283582219705,0.9049776567271989,0.9177238209064552
2020-03-11,80,12.88,10.2258,4.239774,3.8499350399999996,3.961380528,3.4487312832,0.822102970752,2.0379019197196797,2.0786599581140734,2.5734625442220116,2.0858415244791657,0.9431172057518455,2.091734686862251,1.6733877494898006,1.9064069936062553,1.9064069936062553,0.9700126767467527,1.5143390211211805,1.3163668954331433,0.9170689371517566,0.9270440729593722,0.754364818772313,1.1835723880738014,0.9559623134442242,0.9789054089668856
2020-03-12,74,11.040000000000001,8.5215,3.2486579999999994,2.9381083199999996,3.0292909919999995,2.6098507007999996,0.593741034432,1.1075553911519997,1.630321535775744,3.074786416473053,2.112244581751054,0.8190228365739711,1.8971547159913438,1.6315530557525555,2.0089019932625054,2.0089019932625054,1.1565535761211283,1.4958714720831174,1.0969724128609528,0.7722685786541108,0.8025157646513968,0.8324025586453109,1.3006289978832983,1.0451854626990185,1.052323314639402
2020-03-13,65,9.200000000000001,8.5215,3.4138439999999997,3.0394223999999994,2.8428730848,2.563246224,0.6850858089599999,0.9746487442137599,1.0597089982542336,2.3395114038381926,2.033035409935389,0.7197473412316716,1.970122205067934,1.443296933934953,1.762913994087505,1.762913994087505,1.081937216371378,1.4035337268928014,1.0969724128609528,0.7240017924882289,0.8993711155575999,0.9104402985183088,1.0665157782643047,1.0069469701612495,1.08903226747566
2020-03-14,65,8.97,8.2593,3.1935959999999994,2.7861371999999998,2.7030596543999996,2.5166417471999996,0.6394134216959999,0.9746487442137599,1.0189509598598399,2.406354586804998,1.9538262381197247,0.7942039627383962,1.9214772123502073,1.2968755058545955,1.7014169942937547,1.7014169942937547,0.9700126767467527,1.2557933345882961,1.0786895393132703,0.7883575073760715,0.9270440729593722,0.8974340085394757,1.1835723880738014,1.0961701194160438,1.08903226747566
2020-03-15,69,9.43,8.3904,3.5239679999999995,2.9381083199999996,2.8894775615999997,2.563246224,0.6394134216959999,1.15185760679808,1.6710795741701374,2.239246629387984,1.9274231808478366,0.843841710409546,2.2619921613742946,1.4642142808035754,1.7219159942250049,1.7219159942250049,1.2125158459334409,1.2742608836263591,1.0969724128609528,0.7561796499321503,1.0238994238655752,1.0925283582219705,1.1315472281584695,1.147154776133069,0.9911417265789716
2020-03-16,59,8.280000000000001,7.7349,2.9733479999999997,2.5328519999999997,2.3768283167999997,2.3768283167999997,0.548068647168,0.9303465285676799,2.323208188480435,1.7379227571369429,1.6369895508570667,0.6949284673960967,1.8728322196324805,1.2550408121173504,1.5579239947750043,1.5579239947750043,1.044629036496503,1.052650295169601,0.8592950567410796,0.6435571488784257,0.9685535090620306,0.9104402985183088,0.9754717484124736,0.9814546418027368,0.9054875032943691
2020-03-17,57,7.82,6.6861,2.6980379999999995,2.3302238399999995,2.1904104095999997,1.9573880255999998,0.548068647168,0.9303465285676799,1.3857733054093824,1.7045011656535403,1.6369895508570667,0.6949284673960967,1.848509723273617,1.1504540777742378,1.4349299951875039,1.4349299951875039,0.9886667666841903,1.0711178442076643,0.8775779302887623,0.5309346478247012,0.8578616794549414,0.9234465884971418,0.9624654584336407,1.0196931343405058,0.9666690913547995
2020-03-18,56,7.590000000000001,6.555,2.5328519999999997,2.2289097599999996,2.33022384,1.9573880255999998,0.5023962599039999,0.8860443129215999,1.100467036648627,1.570814799719929,1.4521681499538495,0.6452907197249469,1.7755422341970268,1.108619384036993,1.4349299951875039,1.4349299951875039,1.2125158459334409,0.9787800990173484,0.8775779302887623,0.6596460776003864,0.9685535090620306,0.8454088486241439,0.9624654584336407,0.9814546418027368,0.8687785504581109
2020-03-19,56,7.13,6.8172,2.8632239999999998,2.3302238399999995,2.7496641312,2.0972014559999996,0.548068647168,0.9303465285676799,0.8966768446766591,1.4371284337863182,1.5049742644976258,0.7445662150672464,1.7998647305558904,1.108619384036993,1.3939319953250038,1.3939319953250038,1.6975221843068173,1.0157151970934748,0.8775779302887623,0.5952903627125438,0.9823899877629169,1.0405031983066386,1.0665157782643047,1.1599009403123253,1.0033780441910576
2020-03-20,57,7.13,6.6861,2.808162,2.5328519999999997,2.7496641312,2.2370148864,0.6850858089599999,0.9746487442137599,1.1412250750430206,1.4037068423029155,1.399362035410073,0.8190228365739711,2.0187671977856607,1.1295367309056155,1.455428995118754,1.455428995118754,1.5296353748698794,0.9603125499792853,0.9141436773841274,0.675735006322347,0.9547170303611445,0.9364528784759747,1.0274969083278056,1.0324392985197621,1.0400869970273159
2020-03-21,60,6.9,6.9483,3.1385339999999995,2.6341660799999995,2.563246224,2.4234327936,0.6394134216959999,1.5062753319667197,1.7933536893533182,1.470550025269721,1.4785712072257375,0.7942039627383962,2.3836046431686113,1.2341234652487278,1.455428995118754,1.455428995118754,1.8654089937437552,1.052650295169601,0.9872751715748576,0.8205353648199928,0.8855346368567137,1.1185409381796365,1.1445535181373026,1.2108855970293506,1.064559632251488
2020-03-22,60,6.9,6.2928,2.9182859999999997,2.43153792,2.5166417471999996,2.2370148864,0.5023962599039999,1.2404620380902398,4.075803839439359,1.2700204763693044,1.3465559208662967,0.6452907197249469,2.4322496358863384,1.1295367309056155,1.414430995256254,1.414430995256254,1.585597644682192,0.9787800990173484,0.8410121831933971,0.7240017924882289,0.8716981581558276,1.1445535181373026,1.2355975479891332,1.2746164179256323,1.0033780441910576
2020-03-23,48,5.5200000000000005,5.3751,2.312604,1.9756245599999998,2.0972014559999996,1.6777611648,0.45672387264,0.8860443129215999,1.2634991902262016,0.9692261530186798,1.0297192336036387,0.5708340982182223,2.091734686862251,0.9203632622193904,1.2299399958750035,1.2299399958750035,0.9513585868093152,0.8679748047889694,0.7130320683596193,0.5631125052686226,0.7886792859505106,1.3006289978832983,0.9494591684548077,1.2746164179256323,0.9544327737427134
2020-03-24,47,5.29,5.1129,2.2024799999999995,1.8743104799999997,2.1904104095999997,1.7709701183999997,0.411051485376,0.8417420972755199,1.7933536893533182,1.0026477445020825,0.9769131190598623,0.5460152243826474,1.9944447014267974,0.8785285684821453,1.3324349955312538,1.3324349955312538,0.9327044968718776,0.7571695105605902,0.6399005741688891,0.4987567903807799,0.6503144989416492,1.1835723880738014,0.9364528784759747,1.0579316268782748,0.881014868070197
2020-03-25,44,5.0600000000000005,4.4574,2.0372939999999997,1.6716823199999997,2.0505969792,1.5379477343999999,0.365379098112,0.9303465285676799,1.0189509598598399,0.8689613785684714,0.8977039472441979,0.4963774767114976,1.8971547159913438,0.7321071404017877,1.2709379957375035,1.2709379957375035,0.9140504069344401,0.7756370595986535,0.603334827073524,0.5952903627125438,0.7748428072496245,1.2876227079044653,0.9494591684548077,1.1216624477745563,0.9054875032943691
2020-03-26,43,4.83,4.3263,2.0372939999999997,1.7223393599999999,2.1438059328,1.5379477343999999,0.411051485376,1.0189509598598399,0.9374348830710527,0.7686966041182632,0.9505100617879743,0.5708340982182223,1.8241872269147537,0.7948591810076553,1.2914369956687535,1.2914369956687535,0.9327044968718776,0.831039706712843,0.6399005741688891,0.4987567903807799,0.7471698498478522,1.0925283582219705,1.0535094882854716,1.0834239552367875,0.8075969623976805
2020-03-27,44,4.83,4.5885,1.9822319999999998,1.7223393599999999,2.0972014559999996,1.4447387807999998,0.365379098112,0.8860443129215999,0.5298544991271168,0.8689613785684714,0.9769131190598623,0.5460152243826474,2.0187671977856607,0.8576112216135228,1.2299399958750035,1.2299399958750035,1.2311699358708785,0.8679748047889694,0.6216177006212066,0.4826678616588193,0.6779874563434215,1.2616101279467993,1.2616101279467993,1.0706777910575311,1.0278506794152298
2020-03-28,44,4.83,4.5885,2.1474179999999996,1.7223393599999999,2.2370148864,1.5845522112,0.365379098112,1.0189509598598399,0.5298544991271168,0.802118195601666,0.8713008899723097,0.5211963505470725,1.9944447014267974,0.8994459153507678,1.147943996150003,1.147943996150003,1.1565535761211283,0.7756370595986535,0.6581834477165717,0.450490004214898,0.6779874563434215,1.2876227079044653,1.1835723880738014,1.0324392985197621,0.8687785504581109
2020-03-29,42,4.6000000000000005,4.5885,1.9271699999999998,1.8236534399999997,2.0039925023999996,1.4913432575999999,0.411051485376,0.8860443129215999,0.48909646073272317,0.7018534211514578,0.8977039472441979,0.5211963505470725,1.970122205067934,0.8785285684821453,1.2299399958750035,1.2299399958750035,1.1938617559960034,0.7017668634464007,0.5850519535258415,0.4826678616588193,0.6641509776425353,1.2616101279467993,1.0274969083278056,1.1089162835953001,0.7708880095614223
2020-03-30,35,3.91,3.6708,1.6518599999999999,1.36774008,1.6777611648,1.3049253503999998,0.31970671084799995,0.6645332346912,0.44833842233832955,0.6350102381846522,0.6600764317972043,0.3971019813691981,1.7512197378381635,0.6275204060586752,1.0249499965625029,1.0249499965625029,0.8767422270595651,0.5724940201799585,0.47535471223974624,0.4183121467709767,0.553459148035446,1.0535094882854716,0.767371108751146,0.9304699850857115,0.7097064215009921
2020-03-31,33,3.68,3.5397,1.5967979999999997,1.3170830399999998,1.6777611648,1.1185074432,0.274034323584,0.7088354503372799,0.48909646073272317,0.4679022807676385,0.607270317253428,0.3971019813691981,1.5566397669672565,0.5856857123214302,0.8404589971812523,0.8404589971812523,0.7648176874349397,0.5355589221038322,0.42050609159669855,0.3861342893270554,0.45660379712924304,1.0274969083278056,0.6893333688781481,0.7775160149346356,0.5506342925438731
2020-04-01,31,3.22,3.0153,1.4316119999999999,1.1651119199999997,1.4447387807999998,1.0252984896,0.22836193632,0.6645332346912,0.6113705759159039,0.4679022807676385,0.5280611454377635,0.3722831075336232,1.4350272851729395,0.5229336717155627,0.7994609973187522,0.7994609973187522,0.6715472377477519,0.48015627498964264,0.402223218049016,0.35395643188313414,0.4289308397274707,0.9364528784759747,0.6503144989416492,0.7647698507553793,0.5506342925438731
2020-04-02,31,3.22,3.0153,1.3214879999999998,1.0131408,1.3981343039999998,0.9786940127999999,0.274034323584,0.6202310190451199,0.407580383943936,0.4344806892842357,0.5808672599815398,0.3722831075336232,1.3863822924552127,0.5020163248469401,0.7584629974562521,0.7584629974562521,0.708855417622627,0.5540264711418953,0.42050609159669855,0.3056896457172522,0.38742140362481226,0.7803773987299789,0.767371108751146,0.7647698507553793,0.5139253397076149
2020-04-03,35,3.22,2.8842,1.4316119999999999,1.0637978399999999,1.4447387807999998,1.0252984896,0.274034323584,0.6202310190451199,0.3260643071551488,0.4344806892842357,0.5016580881658753,0.3722831075336232,1.4107047888140762,0.5229336717155627,0.6969659976625019,0.6969659976625019,0.7834717773723773,0.5170913730657689,0.47535471223974624,0.32177857443921287,0.4289308397274707,0.7933836887088119,0.754364818772313,0.6882928656798414,0.45274375164718456
2020-04-04,46,3.22,3.1464,1.3765499999999997,1.1144548799999998,1.7243656416,1.0252984896,0.31970671084799995,0.7974398816294399,0.28530626876075516,0.4344806892842357,0.607270317253428,0.3722831075336232,1.5809622633261198,0.6066030591900528,0.8199599972500022,0.8199599972500022,0.8207799572472524,0.5540264711418953,0.5119204593351113,0.3378675031611735,0.4981132332319015,1.0405031983066386,0.8714214285818098,0.8412468358309173,0.5873432453801313
2020-04-05,43,3.45,3.1464,1.4316119999999999,1.1144548799999998,1.5379477343999999,1.0252984896,0.31970671084799995,0.6645332346912,0.3260643071551488,0.4344806892842357,0.5280611454377635,0.3971019813691981,1.6782522487615734,0.5856857123214302,0.7584629974562521,0.7584629974562521,0.8021258673098148,0.6094291182560848,0.5302033328827939,0.32177857443921287,0.5119497119327876,0.8974340085394757,0.8714214285818098,0.7775160149346356,0.5139253397076149
2020-04-06,31,2.7600000000000002,2.622,1.156302,0.9624837599999999,1.3981343039999998,0.8854850591999999,0.274034323584,0.57592880339904,0.5298544991271168,0.3007943233506247,0.42244891635021076,0.32264535986247345,1.2161248179431692,0.41834693737245016,0.5739719980750015,0.5739719980750015,0.5782767880605642,0.4062860788373899,0.42050609159669855,0.32177857443921287,0.38742140362481226,0.6893333688781481,0.6503144989416492,0.6500543731420725,0.40379848119884026
2020-04-07,29,2.7600000000000002,2.4909,1.156302,0.9118267199999999,1.3049253503999998,0.8388805824,0.274034323584,0.6645332346912,0.407580383943936,0.3007943233506247,0.44885197362209894,0.32264535986247345,1.3134148033786226,0.41834693737245016,0.6559679978000018,0.6559679978000018,0.5596226981231266,0.4062860788373899,0.402223218049016,0.35395643188313414,0.3735849249239261,0.7803773987299789,0.6373082089628161,0.7265313582176104,0.45274375164718456
2020-04-08,28,2.5300000000000002,2.4909,1.2113639999999999,0.9624837599999999,1.2583208735999998,0.8388805824,0.22836193632,0.5316265877529599,0.3260643071551488,0.3007943233506247,0.42244891635021076,0.32264535986247345,1.2404473143020325,0.39742959050382765,0.5944709980062517,0.5944709980062517,0.5969308779980017,0.42475362787545307,0.42050609159669855,0.3056896457172522,0.3182390101203815,0.715345948835814,0.5332578891321523,0.6628005373213288,0.46498006925927066
2020-04-09,28,2.7600000000000002,2.4909,1.2113639999999999,0.9624837599999999,1.3049253503999998,0.8388805824,0.22836193632,0.5316265877529599,0.407580383943936,0.267372731867222,0.39604585907832257,0.32264535986247345,1.3620597960963494,0.41834693737245016,0.5944709980062517,0.5944709980062517,0.6902013276851895,0.42475362787545307,0.402223218049016,0.3378675031611735,0.2905660527186092,0.767371108751146,0.5852830490474842,0.6882928656798414,0.4405074340350985
2020-04-10,28,2.5300000000000002,2.4909,1.1012399999999998,0.9118267199999999,1.3515298271999998,0.8388805824,0.22836193632,0.48732437210687995,0.6521286143102976,0.267372731867222,0.39604585907832257,0.2978264860268986,1.4593497815318028,0.43926428424107267,0.5739719980750015,0.5739719980750015,0.6342390578728768,0.38781852979932674,0.4570718386920637,0.2574228595513703,0.33207548882126764,0.6893333688781481,0.5722767590686513,0.5735773880665345,0.45274375164718456
2020-04-11,27,2.5300000000000002,2.4909,1.1012399999999998,0.8611696799999999,1.16511192,0.7456716287999999,0.274034323584,0.6202310190451199,0.44833842233832955,0.267372731867222,0.47525503089398713,0.32264535986247345,1.4350272851729395,0.37651224363520513,0.6559679978000018,0.6559679978000018,0.7275095075600646,0.4062860788373899,0.4936375857874288,0.3700453606050948,0.35974844622304,0.7803773987299789,0.5852830490474842,0.7392775223968667,0.4282711164230124
2020-04-12,30,2.5300000000000002,2.7531,1.2113639999999999,1.0131408,1.3515298271999998,0.8388805824,0.31970671084799995,0.6645332346912,0.28530626876075516,0.3007943233506247,0.5016580881658753,0.47155860287592277,1.7268972414793002,0.5020163248469401,0.6764669977312519,0.6764669977312519,0.6902013276851895,0.44322117691351626,0.4936375857874288,0.3861342893270554,0.3735849249239261,0.767371108751146,0.767371108751146,0.86673916418943,0.4405074340350985
2020-04-13,31,2.7600000000000002,2.4909,1.2664259999999998,1.0131408,1.3515298271999998,0.8854850591999999,0.365379098112,0.7088354503372799,0.5298544991271168,0.33421591483402746,0.42244891635021076,0.5708340982182223,1.7268972414793002,0.4810989779783177,0.6559679978000018,0.6559679978000018,0.7275095075600646,0.38781852979932674,0.47535471223974624,0.4183121467709767,0.38742140362481226,0.6633207889204821,0.6243019189839831,0.7520236865761231,0.4282711164230124
2020-04-14,28,2.5300000000000002,2.2287,0.9911159999999999,0.8105126399999999,1.1185074432,0.7456716287999999,0.274034323584,0.6645332346912,0.44833842233832955,0.23395114038381926,0.3696428018064344,0.3722831075336232,1.4836722778906664,0.3555948967665826,0.4919759983500014,0.4919759983500014,0.5969308779980017,0.29548078460901084,0.4570718386920637,0.3861342893270554,0.4981132332319015,0.5982893390263172,0.5332578891321523,0.6245620447835598,0.40379848119884026
2020-04-15,26,2.3000000000000003,1.9665,0.8809919999999999,0.7598555999999999,1.0252984896,0.6524626751999999,0.274034323584,0.6202310190451199,0.3260643071551488,0.23395114038381926,0.34323974453454625,0.32264535986247345,1.3134148033786226,0.3137602030293376,0.4714769984187513,0.4714769984187513,0.5969308779980017,0.29548078460901084,0.3656574709536509,0.4183121467709767,0.44276731842835687,0.5332578891321523,0.46822643923798735,0.6245620447835598,0.3670895283625821
2020-04-16,25,2.0700000000000003,1.9665,0.9911159999999999,0.7091985599999999,0.9786940127999999,0.6524626751999999,0.22836193632,0.57592880339904,0.24454823036636159,0.2005295489004165,0.34323974453454625,0.2978264860268986,1.3134148033786226,0.37651224363520513,0.4714769984187513,0.4714769984187513,0.5969308779980017,0.31394833364707403,0.38394034450133346,0.3700453606050948,0.33207548882126764,0.5462641791109852,0.46822643923798735,0.5863235522457908,0.3793258459746682
2020-04-17,26,2.3000000000000003,2.0976,0.8809919999999999,0.7598555999999999,1.0252984896,0.6524626751999999,0.274034323584,0.7088354503372799,0.24454823036636159,0.2005295489004165,0.39604585907832257,0.2978264860268986,1.4593497815318028,0.3555948967665826,0.4714769984187513,0.4714769984187513,0.5782767880605642,0.29548078460901084,0.38394034450133346,0.35395643188313414,0.4289308397274707,0.6503144989416492,0.49423901919565333,0.6628005373213288,0.3915621635867542
2020-04-18,38,2.3000000000000003,2.2287,0.8809919999999999,0.7091985599999999,1.0719029664,0.6058581984,0.274034323584,0.6645332346912,0.24454823036636159,0.23395114038381926,0.34323974453454625,0.2978264860268986,1.6296072560438466,0.41834693737245016,0.45097799848750125,0.45097799848750125,0.7275095075600646,0.3324158826851372,0.4936375857874288,0.3378675031611735,0.4150943610265846,0.6763270788993151,0.5592704690898183,0.713785194038354,0.46498006925927066
2020-04-19,35,2.0700000000000003,2.0976,0.9911159999999999,0.7598555999999999,1.0252984896,0.6990671519999999,0.22836193632,0.6202310190451199,0.28530626876075516,0.23395114038381926,0.34323974453454625,0.2978264860268986,1.6539297524027101,0.37651224363520513,0.4714769984187513,0.4714769984187513,0.6902013276851895,0.31394833364707403,0.5119204593351113,0.3861342893270554,0.35974844622304,0.6503144989416492,0.5722767590686513,0.7392775223968667,0.4282711164230124
2020-04-20,23,1.84,1.8354,0.8259299999999999,0.6585415199999999,0.9320895359999999,0.5592537216,0.22836193632,0.5316265877529599,0.203790191971968,0.2005295489004165,0.31683668726265807,0.2730076121913237,1.3134148033786226,0.3346775498979601,0.3894809986937511,0.3894809986937511,0.5036604283108139,0.27701323557094765,0.3473745974059684,0.3378675031611735,0.38742140362481226,0.5722767590686513,0.41620127932265544,0.5990697164250471,0.3793258459746682
2020-04-21,22,1.84,1.7043,0.7158059999999999,0.6585415199999999,0.8854850591999999,0.6058581984,0.182689549056,0.5316265877529599,0.24454823036636159,0.2005295489004165,0.26403057271888175,0.2730076121913237,1.3134148033786226,0.3346775498979601,0.3894809986937511,0.3894809986937511,0.48500633837337637,0.22161058845675813,0.32909172385828583,0.3378675031611735,0.4012578823256984,0.49423901919565333,0.41620127932265544,0.6118158806043035,0.3303805755263239
2020-04-22,22,1.84,1.7043,0.7708679999999999,0.6585415199999999,0.7922761056,0.5592537216,0.22836193632,0.48732437210687995,0.24454823036636159,0.16710795741701373,0.23762751544699356,0.22336986452017393,1.1674798252254424,0.2928428561607151,0.3894809986937511,0.3894809986937511,0.44769815849850125,0.29548078460901084,0.3473745974059684,0.3056896457172522,0.35974844622304,0.48123272921682037,0.4552201492591544,0.5353388955287656,0.34261689313840993
2020-04-23,21,1.61,1.5732,0.8259299999999999,0.60788448,0.7922761056,0.5592537216,0.182689549056,0.48732437210687995,0.24454823036636159,0.16710795741701373,0.21122445817510538,0.22336986452017393,1.264769810660896,0.25100816242347007,0.36898199876250104,0.36898199876250104,0.5036604283108139,0.20314303941869494,0.32909172385828583,0.27351178827333095,0.30440253141949536,0.5072453091744863,0.41620127932265544,0.49710040299099656,0.26919898746589355
2020-04-24,21,1.61,1.7043,0.7708679999999999,0.60788448,0.7922761056,0.5592537216,0.22836193632,0.48732437210687995,0.3260643071551488,0.16710795741701373,0.26403057271888175,0.2730076121913237,1.3620597960963494,0.3137602030293376,0.3279839989000009,0.3279839989000009,0.4663522484359388,0.25854568653288446,0.3108088503106033,0.27351178827333095,0.2905660527186092,0.5462641791109852,0.4031949893438225,0.5225927313495092,0.3303805755263239
2020-04-25,21,1.61,1.7043,0.8259299999999999,0.6585415199999999,0.8388805824,0.5592537216,0.22836193632,0.57592880339904,0.28530626876075516,0.133686365933611,0.26403057271888175,0.2730076121913237,1.4593497815318028,0.3346775498979601,0.4304789985562512,0.4304789985562512,0.6155849679354393,0.24007813749482132,0.402223218049016,0.3056896457172522,0.30440253141949536,0.6243019189839831,0.4552201492591544,0.6628005373213288,0.3181442579142378
2020-04-26,25,1.84,1.9665,0.8809919999999999,0.7091985599999999,0.9786940127999999,0.6058581984,0.22836193632,0.5316265877529599,0.7336446910990848,0.133686365933611,0.31683668726265807,0.2978264860268986,1.6782522487615734,0.3346775498979601,0.4099799986250011,0.4099799986250011,0.5969308779980017,0.24007813749482132,0.3473745974059684,0.3861342893270554,0.30440253141949536,0.6633207889204821,0.5072453091744863,0.6628005373213288,0.3303805755263239
2020-04-27,21,1.61,1.4421,0.6056819999999999,0.5065704,0.6990671519999999,0.4194402912,0.22836193632,0.5316265877529599,0.7336446910990848,0.133686365933611,0.23762751544699356,0.2978264860268986,1.3377372997374861,0.2719255092920926,0.34848299883125095,0.34848299883125095,0.44769815849850125,0.22161058845675813,0.32909172385828583,0.3861342893270554,0.3459119675221538,0.5462641791109852,0.4031949893438225,0.5225927313495092,0.3670895283625821
2020-04-28,20,1.61,1.4421,0.6056819999999999,0.5065704,0.6990671519999999,0.4194402912,0.182689549056,0.5316265877529599,0.3260643071551488,0.10026477445020825,0.2904336299907699,0.2730076121913237,1.4107047888140762,0.2928428561607151,0.4099799986250011,0.4099799986250011,0.44769815849850125,0.22161058845675813,0.29252597676292075,0.3700453606050948,0.3182390101203815,0.6243019189839831,0.39018869936498946,0.5353388955287656,0.3181442579142378
2020-04-29,20,1.61,1.4421,0.7158059999999999,0.5572274399999999,0.6524626751999999,0.5126492448,0.182689549056,0.44302215646079995,0.28530626876075516,0.16710795741701373,0.26403057271888175,0.2481887383557488,1.3377372997374861,0.2928428561607151,0.34848299883125095,0.34848299883125095,0.44769815849850125,0.20314303941869494,0.3473745974059684,0.3378675031611735,0.2905660527186092,0.5982893390263172,0.4292075693014884,0.49710040299099656,0.3303805755263239
2020-04-30,18,1.61,1.5732,0.7158059999999999,0.5572274399999999,0.6990671519999999,0.5126492448,0.182689549056,0.48732437210687995,0.28530626876075516,0.16710795741701373,0.2904336299907699,0.2481887383557488,1.264769810660896,0.25100816242347007,0.34848299883125095,0.34848299883125095,0.3730817987487511,0.22161058845675813,0.2742431032152382,0.3861342893270554,0.2905660527186092,0.5462641791109852,0.4292075693014884,0.49710040299099656,0.34261689313840993
2020-05-01,21,1.61,1.5732,0.7158059999999999,0.5572274399999999,0.7456716287999999,0.5592537216,0.182689549056,0.6202310190451199,0.3668223455495424,0.16710795741701373,0.26403057271888175,0.2978264860268986,1.4836722778906664,0.3346775498979601,0.36898199876250104,0.36898199876250104,0.5969308779980017,0.24007813749482132,0.32909172385828583,0.32177857443921287,0.3459119675221538,0.6633207889204821,0.5332578891321523,0.675546701500585,0.3793258459746682
2020-05-02,22,1.61,1.7043,0.7158059999999999,0.60788448,0.7922761056,0.46604476799999994,0.22836193632,0.7088354503372799,0.44833842233832955,0.133686365933611,0.26403057271888175,0.2978264860268986,1.7025747451204367,0.2928428561607151,0.4099799986250011,0.4099799986250011,0.6155849679354393,0.24007813749482132,0.3656574709536509,0.450490004214898,0.3459119675221538,0.754364818772313,0.5072453091744863,0.7265313582176104,0.3181442579142378
2020-05-03,23,1.61,1.7043,0.7158059999999999,0.5572274399999999,0.7456716287999999,0.5126492448,0.182689549056,0.57592880339904,0.3668223455495424,0.23395114038381926,0.26403057271888175,0.32264535986247345,1.6296072560438466,0.3137602030293376,0.4099799986250011,0.4099799986250011,0.5596226981231266,0.20314303941869494,0.3656574709536509,0.4344010754929374,0.3182390101203815,0.6633207889204821,0.5202515991533193,0.675546701500585,0.3670895283625821
2020-05-04,20,1.3800000000000001,1.4421,0.6056819999999999,0.5065704,0.6524626751999999,0.4194402912,0.22836193632,0.48732437210687995,0.28530626876075516,0.23395114038381926,0.26403057271888175,0.2481887383557488,1.4836722778906664,0.2719255092920926,0.36898199876250104,0.36898199876250104,0.4103899786236262,0.18467549038063177,0.38394034450133346,0.32177857443921287,0.33207548882126764,0.6633207889204821,0.36417611940732353,0.49710040299099656,0.34261689313840993
2020-05-05,19,1.3800000000000001,1.4421,0.6056819999999999,0.45591335999999993,0.6524626751999999,0.4194402912,0.22836193632,0.48732437210687995,0.1630321535775744,0.2005295489004165,0.23762751544699356,0.2481887383557488,1.4107047888140762,0.2928428561607151,0.3894809986937511,0.3894809986937511,0.44769815849850125,0.24007813749482132,0.3473745974059684,0.28960071699529155,0.33207548882126764,0.5722767590686513,0.39018869936498946,0.5353388955287656,0.3303805755263239
2020-05-06,18,1.3800000000000001,1.4421,0.6056819999999999,0.5065704,0.6058581984,0.4194402912,0.182689549056,0.57592880339904,0.203790191971968,0.2005295489004165,0.23762751544699356,0.22336986452017393,1.4350272851729395,0.25100816242347007,0.36898199876250104,0.36898199876250104,0.39173588868618864,0.20314303941869494,0.38394034450133346,0.2574228595513703,0.2905660527186092,0.6633207889204821,0.33816353944965755,0.5863235522457908,0.30590794030215174
2020-05-07,18,1.3800000000000001,1.4421,0.6056819999999999,0.45591335999999993,0.6524626751999999,0.4194402912,0.182689549056,0.57592880339904,0.203790191971968,0.2005295489004165,0.26403057271888175,0.22336986452017393,1.3863822924552127,0.25100816242347007,0.36898199876250104,0.36898199876250104,0.3544277088113135,0.18467549038063177,0.32909172385828583,0.3056896457172522,0.24905661661595074,0.6633207889204821,0.3511698294284905,0.5863235522457908,0.3181442579142378
2020-05-08,17,1.3800000000000001,1.4421,0.6056819999999999,0.5065704,0.6524626751999999,0.4194402912,0.31970671084799995,0.57592880339904,0.203790191971968,0.2005295489004165,0.26403057271888175,0.22336986452017393,1.3620597960963494,0.25100816242347007,0.4304789985562512,0.4304789985562512,0.5223145182482515,0.20314303941869494,0.3656574709536509,0.225245002107449,0.2905660527186092,0.6633207889204821,0.41620127932265544,0.5353388955287656,0.34261689313840993
2020-05-09,19,1.3800000000000001,1.5732,0.6056819999999999,0.5065704,0.7456716287999999,0.46604476799999994,0.274034323584,0.5316265877529599,0.203790191971968,0.2005295489004165,0.26403057271888175,0.2481887383557488,1.5323172706083932,0.25100816242347007,0.4099799986250011,0.4099799986250011,0.3730817987487511,0.20314303941869494,0.3473745974059684,0.2574228595513703,0.3182390101203815,0.7283522388146471,0.46822643923798735,0.6500543731420725,0.35485321075049603
2020-05-10,19,1.1500000000000001,1.5732,0.6607439999999999,0.5572274399999999,0.6524626751999999,0.46604476799999994,0.22836193632,0.6202310190451199,0.24454823036636159,0.2005295489004165,0.31683668726265807,0.22336986452017393,1.5323172706083932,0.25100816242347007,0.45097799848750125,0.45097799848750125,0.5223145182482515,0.22161058845675813,0.3473745974059684,0.3056896457172522,0.2905660527186092,0.702339658856981,0.5202515991533193,0.713785194038354,0.41603479881092637
2020-05-11,16,1.1500000000000001,1.311,0.6056819999999999,0.45591335999999993,0.6058581984,0.4194402912,0.182689549056,0.44302215646079995,0.24454823036636159,0.2005295489004165,0.21122445817510538,0.19855099068459905,1.0945123361488522,0.18825612181760257,0.3279839989000009,0.3279839989000009,0.2798113490615633,0.1662079413425686,0.38394034450133346,0.27351178827333095,0.276729574017723,0.5072453091744863,0.3511698294284905,0.4843542388117402,0.26919898746589355
2020-05-12,16,1.1500000000000001,1.311,0.5506199999999999,0.40525631999999995,0.6058581984,0.32623133759999995,0.182689549056,0.6202310190451199,0.203790191971968,0.133686365933611,0.26403057271888175,0.22336986452017393,1.264769810660896,0.2300908155548476,0.3894809986937511,0.3894809986937511,0.29846543899900085,0.18467549038063177,0.25596022966755566,0.27351178827333095,0.2905660527186092,0.5982893390263172,0.3251572494708246,0.5990697164250471,0.29367162269006564
2020-05-13,16,1.1500000000000001,1.311,0.5506199999999999,0.40525631999999995,0.6058581984,0.4194402912,0.137017161792,0.57592880339904,0.407580383943936,0.133686365933611,0.23762751544699356,0.19855099068459905,1.0945123361488522,0.2300908155548476,0.3894809986937511,0.3894809986937511,0.26115725912412574,0.1662079413425686,0.3473745974059684,0.27351178827333095,0.24905661661595074,0.5592704690898183,0.31215095949199156,0.5098465671702529,0.29367162269006564
2020-05-14,16,1.1500000000000001,1.1799,0.49555799999999994,0.40525631999999995,0.5126492448,0.37283581439999997,0.137017161792,0.6202310190451199,0.407580383943936,0.16710795741701373,0.23762751544699356,0.19855099068459905,1.1188348325077155,0.20917346868622508,0.36898199876250104,0.36898199876250104,0.26115725912412574,0.1662079413425686,0.32909172385828583,0.3378675031611735,0.24905661661595074,0.5722767590686513,0.33816353944965755,0.5098465671702529,0.29367162269006564
2020-05-15,15,1.1500000000000001,1.311,0.5506199999999999,0.45591335999999993,0.6058581984,0.4194402912,0.182689549056,0.7088354503372799,0.28530626876075516,0.133686365933611,0.23762751544699356,0.22336986452017393,1.0945123361488522,0.18825612181760257,0.3894809986937511,0.3894809986937511,0.29846543899900085,0.14774039230450542,0.2742431032152382,0.3700453606050948,0.2628930953168369,0.5852830490474842,0.2991446695131586,0.5098465671702529,0.2814353050779796
2020-05-16,17,1.1500000000000001,1.4421,0.5506199999999999,0.5065704,0.5592537216,0.4194402912,0.182689549056,0.6202310190451199,0.3668223455495424,0.133686365933611,0.23762751544699356,0.2730076121913237,1.1918023215843057,0.25100816242347007,0.4304789985562512,0.4304789985562512,0.3544277088113135,0.18467549038063177,0.32909172385828583,0.3700453606050948,0.30440253141949536,0.5982893390263172,0.39018869936498946,0.6118158806043035,0.3181442579142378
2020-05-17,17,1.1500000000000001,1.4421,0.5506199999999999,0.40525631999999995,0.6524626751999999,0.4194402912,0.182689549056,0.6202310190451199,0.28530626876075516,0.2005295489004165,0.31683668726265807,0.2481887383557488,1.3134148033786226,0.25100816242347007,0.45097799848750125,0.45097799848750125,0.3730817987487511,0.20314303941869494,0.402223218049016,0.3056896457172522,0.30440253141949536,0.6503144989416492,0.41620127932265544,0.675546701500585,0.3181442579142378
2020-05-18,14,1.1500000000000001,1.1799,0.44049599999999994,0.40525631999999995,0.5126492448,0.2796268608,0.137017161792,0.44302215646079995,0.203790191971968,0.10026477445020825,0.21122445817510538,0.22336986452017393,1.0945123361488522,0.18825612181760257,0.34848299883125095,0.34848299883125095,0.24250316918668818,0.1662079413425686,0.3108088503106033,0.225245002107449,0.23522013791506458,0.5202515991533193,0.3511698294284905,0.5225927313495092,0.26919898746589355
2020-05-19,13,0.92,1.1799,0.44049599999999994,0.35459927999999996,0.46604476799999994,0.32623133759999995,0.182689549056,0.44302215646079995,0.12227411518318079,0.133686365933611,0.23762751544699356,0.22336986452017393,1.0458673434311254,0.20917346868622508,0.3279839989000009,0.3279839989000009,0.24250316918668818,0.14774039230450542,0.3108088503106033,0.27351178827333095,0.23522013791506458,0.49423901919565333,0.3251572494708246,0.4843542388117402,0.26919898746589355
2020-05-20,13,0.92,1.311,0.49555799999999994,0.40525631999999995,0.5126492448,0.32623133759999995,0.137017161792,0.48732437210687995,0.1630321535775744,0.10026477445020825,0.26403057271888175,0.19855099068459905,1.143157328866579,0.20917346868622508,0.3894809986937511,0.3894809986937511,0.2798113490615633,0.1662079413425686,0.29252597676292075,0.2574228595513703,0.2075471805132923,0.5592704690898183,0.3251572494708246,0.6245620447835598,0.3181442579142378
2020-05-21,12,0.92,1.1799,0.44049599999999994,0.40525631999999995,0.46604476799999994,0.32623133759999995,0.137017161792,0.48732437210687995,0.12227411518318079,0.10026477445020825,0.23762751544699356,0.22336986452017393,1.143157328866579,0.2300908155548476,0.3279839989000009,0.3279839989000009,0.29846543899900085,0.12927284326644223,0.2742431032152382,0.1930671446635277,0.22138365921417844,0.5332578891321523,0.33816353944965755,0.5225927313495092,0.25696266985380745
2020-05-22,12,0.92,1.1799,0.44049599999999994,0.35459927999999996,0.4194402912,0.2796268608,0.182689549056,0.5316265877529599,0.0815160767887872,0.10026477445020825,0.23762751544699356,0.2481887383557488,1.0945123361488522,0.18825612181760257,0.34848299883125095,0.34848299883125095,0.26115725912412574,0.1662079413425686,0.25596022966755566,0.2574228595513703,0.22138365921417844,0.49423901919565333,0.31215095949199156,0.49710040299099656,0.26919898746589355
2020-05-23,13,1.1500000000000001,1.1799,0.44049599999999994,0.35459927999999996,0.46604476799999994,0.32623133759999995,0.182689549056,0.6202310190451199,0.0815160767887872,0.10026477445020825,0.26403057271888175,0.2481887383557488,1.1918023215843057,0.18825612181760257,0.3894809986937511,0.3894809986937511,0.2798113490615633,0.1662079413425686,0.3108088503106033,0.20915607338548836,0.24905661661595074,0.5852830490474842,0.33816353944965755,0.5225927313495092,0.29367162269006564
2020-05-24,14,1.1500000000000001,1.5732,0.5506199999999999,0.45591335999999993,0.5592537216,0.37283581439999997,0.182689549056,0.9746487442137599,0.0407580383943936,0.133686365933611,0.26403057271888175,0.22336986452017393,1.4836722778906664,0.2928428561607151,0.4304789985562512,0.4304789985562512,0.4103899786236262,0.18467549038063177,0.32909172385828583,0.27351178827333095,0.2905660527186092,0.7803773987299789,0.39018869936498946,0.8157545074724046,0.3915621635867542
2020-05-25,11,0.92,1.1799,0.44049599999999994,0.35459927999999996,0.4194402912,0.2796268608,0.137017161792,0.6202310190451199,0.0815160767887872,0.10026477445020825,0.1848214009032172,0.19855099068459905,0.9972223507133987,0.18825612181760257,0.30748499896875087,0.30748499896875087,0.29846543899900085,0.1662079413425686,0.23767735611987312,0.225245002107449,0.23522013791506458,0.5592704690898183,0.31215095949199156,0.5480850597080219,0.30590794030215174
2020-05-26,11,0.92,1.0488,0.38543399999999994,0.30394224,0.4194402912,0.2796268608,0.182689549056,0.48732437210687995,0.0815160767887872,0.10026477445020825,0.1848214009032172,0.1489132430134493,0.9728998543545353,0.16733877494898006,0.26648699910625073,0.26648699910625073,0.22384907924925063,0.14774039230450542,0.21939448257219057,0.20915607338548836,0.22138365921417844,0.48123272921682037,0.2731320895554926,0.49710040299099656,0.2814353050779796
2020-05-27,11,0.92,1.1799,0.44049599999999994,0.35459927999999996,0.37283581439999997,0.37283581439999997,0.137017161792,0.6202310190451199,0.0407580383943936,0.10026477445020825,0.21122445817510538,0.17373211684902418,1.0215448470722621,0.16733877494898006,0.30748499896875087,0.30748499896875087,0.26115725912412574,0.14774039230450542,0.23767735611987312,0.27351178827333095,0.17987422311152,0.5072453091744863,0.2731320895554926,0.5353388955287656,0.2814353050779796
2020-05-28,12,0.92,1.0488,0.44049599999999994,0.35459927999999996,0.4194402912,0.32623133759999995,0.137017161792,0.6202310190451199,0.0815160767887872,0.10026477445020825,0.23762751544699356,0.19855099068459905,1.0701898397899887,0.16733877494898006,0.3894809986937511,0.3894809986937511,0.22384907924925063,0.14774039230450542,0.3108088503106033,0.27351178827333095,0.22138365921417844,0.5202515991533193,0.24711950959782666,0.5990697164250471,0.34261689313840993
2020-05-29,11,0.6900000000000001,1.0488,0.38543399999999994,0.30394224,0.37283581439999997,0.2796268608,0.137017161792,0.57592880339904,0.0815160767887872,0.10026477445020825,0.21122445817510538,0.17373211684902418,0.9972223507133987,0.14642142808035755,0.30748499896875087,0.30748499896875087,0.2051949893118131,0.12927284326644223,0.25596022966755566,0.1930671446635277,0.2075471805132923,0.41620127932265544,0.2211069296401607,0.5735773880665345,0.26919898746589355
2020-05-30,11,0.92,1.0488,0.38543399999999994,0.35459927999999996,0.4194402912,0.32623133759999995,0.137017161792,0.48732437210687995,0.0815160767887872,0.10026477445020825,0.21122445817510538,0.19855099068459905,1.0945123361488522,0.18825612181760257,0.3279839989000009,0.3279839989000009,0.26115725912412574,0.14774039230450542,0.25596022966755566,0.24133393082940965,0.19371070181240613,0.4552201492591544,0.31215095949199156,0.5225927313495092,0.26919898746589355
2020-05-31,11,0.92,1.1799,0.44049599999999994,0.35459927999999996,0.4194402912,0.32623133759999995,0.137017161792,0.5316265877529599,0.0815160767887872,0.0668431829668055,0.1848214009032172,0.19855099068459905,1.1188348325077155,0.18825612181760257,0.3279839989000009,0.3279839989000009,0.33577361887387597,0.14774039230450542,0.32909172385828583,0.20915607338548836,0.19371070181240613,0.5462641791109852,0.31215095949199156,0.5608312238872781,0.30590794030215174
2020-06-01,10,0.6900000000000001,1.0488,0.33037199999999994,0.30394224,0.37283581439999997,0.2796268608,0.137017161792,0.39871994081471995,0.0407580383943936,0.0668431829668055,0.1848214009032172,0.19855099068459905,0.9972223507133987,0.16733877494898006,0.28698599903750077,0.28698599903750077,0.22384907924925063,0.12927284326644223,0.25596022966755566,0.17697821594156707,0.17987422311152,0.5332578891321523,0.26012579957665966,0.47160807463248394,0.23249003462963533
2020-06-02,11,0.92,1.1799,0.44049599999999994,0.30394224,0.37283581439999997,0.2796268608,0.137017161792,0.44302215646079995,0.0815160767887872,0.0668431829668055,0.23762751544699356,0.17373211684902418,1.2404473143020325,0.25100816242347007,0.3279839989000009,0.3279839989000009,0.24250316918668818,0.1662079413425686,0.3108088503106033,0.20915607338548836,0.24905661661595074,0.6633207889204821,0.28613837953432564,0.5990697164250471,0.3181442579142378
2020-06-03,9,0.6900000000000001,1.0488,0.33037199999999994,0.30394224,0.37283581439999997,0.23302238399999997,0.137017161792,0.35441772516863995,0.0815160767887872,0.0668431829668055,0.1848214009032172,0.1489132430134493,0.9485773579956719,0.18825612181760257,0.2459879991750007,0.2459879991750007,0.18654089937437554,0.12927284326644223,0.21939448257219057,0.17697821594156707,0.19371070181240613,0.4292075693014884,0.23411321961899367,0.44611574627397127,0.26919898746589355
2020-06-04,9,0.6900000000000001,0.9177,0.33037199999999994,0.2532852,0.32623133759999995,0.23302238399999997,0.091344774528,0.39871994081471995,0.0407580383943936,0.0668431829668055,0.15841834363132903,0.1489132430134493,0.8512873725602184,0.18825612181760257,0.20498999931250056,0.20498999931250056,0.18654089937437554,0.11080529422837906,0.23767735611987312,0.14480035849764578,0.16603774441063382,0.3771824093861565,0.24711950959782666,0.395131089556946,0.18354476418129104
2020-06-05,9,0.6900000000000001,0.9177,0.33037199999999994,0.2532852,0.32623133759999995,0.23302238399999997,0.137017161792,0.48732437210687995,0.0407580383943936,0.0668431829668055,0.1848214009032172,0.1489132430134493,0.9972223507133987,0.16733877494898006,0.26648699910625073,0.26648699910625073,0.16788680943693798,0.11080529422837906,0.21939448257219057,0.16088928721960644,0.17987422311152,0.4422138592803214,0.19509434968249473,0.433369582094715,0.23249003462963533
2020-06-06,10,0.6900000000000001,1.0488,0.33037199999999994,0.30394224,0.37283581439999997,0.2796268608,0.137017161792,0.5316265877529599,0.0815160767887872,0.0668431829668055,0.23762751544699356,0.1489132430134493,1.0701898397899887,0.16733877494898006,0.30748499896875087,0.30748499896875087,0.2051949893118131,0.14774039230450542,0.3656574709536509,0.1930671446635277,0.19371070181240613,0.4422138592803214,0.2991446695131586,0.5353388955287656,0.3670895283625821
2020-06-07,10,1.1500000000000001,1.0488,0.33037199999999994,0.30394224,0.32623133759999995,0.23302238399999997,0.137017161792,0.5316265877529599,0.0407580383943936,0.0668431829668055,0.26403057271888175,0.1240943691778744,1.0945123361488522,0.14642142808035755,0.2459879991750007,0.2459879991750007,0.26115725912412574,0.12927284326644223,0.43878896514438115,0.17697821594156707,0.2075471805132923,0.4552201492591544,0.3251572494708246,0.5480850597080219,0.3670895283625821
2020-06-08,8,1.1500000000000001,0.9177,0.33037199999999994,0.2532852,0.32623133759999995,0.23302238399999997,0.137017161792,0.44302215646079995,0.0407580383943936,0.0668431829668055,0.1848214009032172,0.1240943691778744,0.9485773579956719,0.14642142808035755,0.2459879991750007,0.2459879991750007,0.16788680943693798,0.09233774519031589,0.32909172385828583,0.16088928721960644,0.15220126570974768,0.3771824093861565,0.2211069296401607,0.42062341791545865,0.25696266985380745
2020-06-09,8,0.92,0.9177,0.27530999999999994,0.2532852,0.2796268608,0.18641790719999998,0.091344774528,0.35441772516863995,0.0,0.0668431829668055,0.15841834363132903,0.1240943691778744,0.8269648762013551,0.14642142808035755,0.22548899924375063,0.22548899924375063,0.14923271949950043,0.11080529422837906,0.25596022966755566,0.1126225010537245,0.16603774441063382,0.3511698294284905,0.19509434968249473,0.395131089556946,0.26919898746589355
2020-06-10,8,0.6900000000000001,0.7866,0.33037199999999994,0.30394224,0.2796268608,0.23302238399999997,0.091344774528,0.31011550952255995,0.0407580383943936,0.0668431829668055,0.1848214009032172,0.1240943691778744,0.8026423798424916,0.12550408121173504,0.20498999931250056,0.20498999931250056,0.13057862956206287,0.12927284326644223,0.29252597676292075,0.09653357233176385,0.1383647870088615,0.33816353944965755,0.2211069296401607,0.3441464328399207,0.23249003462963533
2020-06-11,8,0.6900000000000001,0.7866,0.27530999999999994,0.2532852,0.2796268608,0.23302238399999997,0.091344774528,0.39871994081471995,0.0407580383943936,0.0668431829668055,0.15841834363132903,0.1240943691778744,0.8756098689190818,0.12550408121173504,0.22548899924375063,0.22548899924375063,0.16788680943693798,0.11080529422837906,0.32909172385828583,0.17697821594156707,0.1383647870088615,0.3771824093861565,0.23411321961899367,0.38238492537768964,0.20801739940546318
2020-06-12,8,0.6900000000000001,0.9177,0.33037199999999994,0.30394224,0.2796268608,0.23302238399999997,0.137017161792,0.39871994081471995,0.0407580383943936,0.0668431829668055,0.21122445817510538,0.1489132430134493,0.8512873725602184,0.12550408121173504,0.2459879991750007,0.2459879991750007,0.18654089937437554,0.11080529422837906,0.3108088503106033,0.14480035849764578,0.16603774441063382,0.3511698294284905,0.24711950959782666,0.4078772537362023,0.22025371701754926
2020-06-13,9,0.92,1.0488,0.38543399999999994,0.30394224,0.32623133759999995,0.23302238399999997,0.091344774528,0.44302215646079995,0.0407580383943936,0.03342159148340275,0.23762751544699356,0.1489132430134493,0.9485773579956719,0.18825612181760257,0.2459879991750007,0.2459879991750007,0.2051949893118131,0.11080529422837906,0.3656574709536509,0.16088928721960644,0.1383647870088615,0.4031949893438225,0.2731320895554926,0.4078772537362023,0.2447263522417214
2020-06-14,9,0.92,0.9177,0.33037199999999994,0.30394224,0.32623133759999995,0.2796268608,0.137017161792,0.44302215646079995,0.0407580383943936,0.0668431829668055,0.21122445817510538,0.1489132430134493,1.1188348325077155,0.16733877494898006,0.22548899924375063,0.22548899924375063,0.16788680943693798,0.12927284326644223,0.38394034450133346,0.17697821594156707,0.19371070181240613,0.48123272921682037,0.2211069296401607,0.4843542388117402,0.23249003462963533
2020-06-15,8,0.6900000000000001,0.7866,0.33037199999999994,0.20262815999999997,0.32623133759999995,0.18641790719999998,0.091344774528,0.44302215646079995,0.0,0.0668431829668055,0.13201528635944088,0.1240943691778744,0.8512873725602184,0.14642142808035755,0.20498999931250056,0.20498999931250056,0.13057862956206287,0.09233774519031589,0.25596022966755566,0.12871142977568514,0.19371070181240613,0.3511698294284905,0.19509434968249473,0.4078772537362023,0.18354476418129104
2020-06-16,8,0.6900000000000001,0.7866,0.27530999999999994,0.20262815999999997,0.2796268608,0.18641790719999998,0.137017161792,0.35441772516863995,0.0407580383943936,0.03342159148340275,0.13201528635944088,0.09927549534229953,0.8269648762013551,0.12550408121173504,0.16399199945000045,0.16399199945000045,0.13057862956206287,0.09233774519031589,0.25596022966755566,0.12871142977568514,0.16603774441063382,0.36417611940732353,0.2211069296401607,0.3441464328399207,0.17130844656920496
2020-06-17,8,0.6900000000000001,0.9177,0.27530999999999994,0.20262815999999997,0.2796268608,0.18641790719999998,0.091344774528,0.31011550952255995,0.0407580383943936,0.0668431829668055,0.1848214009032172,0.1240943691778744,0.7539973871247648,0.12550408121173504,0.20498999931250056,0.20498999931250056,0.14923271949950043,0.09233774519031589,0.25596022966755566,0.14480035849764578,0.1383647870088615,0.3771824093861565,0.23411321961899367,0.38238492537768964,0.17130844656920496
2020-06-18,8,0.6900000000000001,0.7866,0.27530999999999994,0.2532852,0.2796268608,0.18641790719999998,0.091344774528,0.35441772516863995,0.0,0.03342159148340275,0.1848214009032172,0.1240943691778744,0.8999323652779452,0.10458673434311254,0.18449099938125052,0.18449099938125052,0.13057862956206287,0.11080529422837906,0.23767735611987312,0.14480035849764578,0.12452830830797537,0.39018869936498946,0.24711950959782666,0.356892597019177,0.1957810817933771
2020-06-19,8,0.6900000000000001,0.9177,0.27530999999999994,0.2532852,0.2796268608,0.23302238399999997,0.091344774528,0.26581329387647995,0.0407580383943936,0.03342159148340275,0.1848214009032172,0.1240943691778744,1.0215448470722621,0.14642142808035755,0.18449099938125052,0.18449099938125052,0.14923271949950043,0.11080529422837906,0.201111609024508,0.14480035849764578,0.12452830830797537,0.49423901919565333,0.24711950959782666,0.44611574627397127,0.26919898746589355
2020-06-20,8,0.6900000000000001,0.7866,0.27530999999999994,0.2532852,0.2796268608,0.23302238399999997,0.091344774528,0.31011550952255995,0.0,0.0668431829668055,0.15841834363132903,0.09927549534229953,0.8999323652779452,0.12550408121173504,0.18449099938125052,0.18449099938125052,0.14923271949950043,0.12927284326644223,0.2742431032152382,0.1126225010537245,0.1383647870088615,0.46822643923798735,0.20810063966132772,0.38238492537768964,0.1957810817933771
2020-06-21,8,0.6900000000000001,0.9177,0.33037199999999994,0.2532852,0.2796268608,0.23302238399999997,0.091344774528,0.31011550952255995,0.0,0.0668431829668055,0.15841834363132903,0.1240943691778744,1.0215448470722621,0.12550408121173504,0.20498999931250056,0.20498999931250056,0.16788680943693798,0.09233774519031589,0.201111609024508,0.14480035849764578,0.1383647870088615,0.4552201492591544,0.24711950959782666,0.38238492537768964,0.23249003462963533
2020-06-22,7,0.6900000000000001,0.7866,0.27530999999999994,0.2532852,0.2796268608,0.18641790719999998,0.091344774528,0.31011550952255995,0.0407580383943936,0.0668431829668055,0.15841834363132903,0.1240943691778744,0.7783198834836282,0.12550408121173504,0.16399199945000045,0.16399199945000045,0.11192453962462531,0.09233774519031589,0.201111609024508,0.1126225010537245,0.17987422311152,0.3771824093861565,0.23411321961899367,0.3314002686606644,0.1957810817933771
2020-06-23,7,0.6900000000000001,0.7866,0.27530999999999994,0.2532852,0.2796268608,0.18641790719999998,0.091344774528,0.26581329387647995,0.0,0.0668431829668055,0.15841834363132903,0.07445662150672465,0.8269648762013551,0.12550408121173504,0.18449099938125052,0.18449099938125052,0.14923271949950043,0.09233774519031589,0.201111609024508,0.1126225010537245,0.24905661661595074,0.4031949893438225,0.2211069296401607,0.3314002686606644,0.18354476418129104
2020-06-24,8,0.6900000000000001,1.0488,0.33037199999999994,0.30394224,0.2796268608,0.23302238399999997,0.091344774528,0.26581329387647995,0.0,0.0668431829668055,0.1848214009032172,0.09927549534229953,0.9972223507133987,0.14642142808035755,0.2459879991750007,0.2459879991750007,0.13057862956206287,0.12927284326644223,0.21939448257219057,0.1126225010537245,0.23522013791506458,0.49423901919565333,0.2211069296401607,0.4843542388117402,0.18354476418129104
2020-06-25,9,0.6900000000000001,1.0488,0.33037199999999994,0.2532852,0.32623133759999995,0.2796268608,0.091344774528,0.44302215646079995,0.0407580383943936,0.10026477445020825,0.21122445817510538,0.1240943691778744,0.9728998543545353,0.14642142808035755,0.2459879991750007,0.2459879991750007,0.14923271949950043,0.11080529422837906,0.21939448257219057,0.17697821594156707,0.23522013791506458,0.46822643923798735,0.26012579957665966,0.42062341791545865,0.1590721289571189
2020-06-26,9,0.6900000000000001,1.0488,0.33037199999999994,0.30394224,0.32623133759999995,0.23302238399999997,0.091344774528,0.31011550952255995,0.0407580383943936,0.0668431829668055,0.21122445817510538,0.09927549534229953,0.9728998543545353,0.16733877494898006,0.2459879991750007,0.2459879991750007,0.13057862956206287,0.11080529422837906,0.23767735611987312,0.17697821594156707,0.22138365921417844,0.48123272921682037,0.23411321961899367,0.36963876119843336,0.22025371701754926
2020-06-27,8,0.6900000000000001,1.0488,0.38543399999999994,0.30394224,0.37283581439999997,0.23302238399999997,0.091344774528,0.26581329387647995,0.0,0.0668431829668055,0.15841834363132903,0.09927549534229953,0.9485773579956719,0.14642142808035755,0.22548899924375063,0.22548899924375063,0.14923271949950043,0.07387019615225271,0.201111609024508,0.1126225010537245,0.16603774441063382,0.4422138592803214,0.2731320895554926,0.4078772537362023,0.17130844656920496
2020-06-28,8,0.6900000000000001,0.9177,0.33037199999999994,0.2532852,0.32623133759999995,0.23302238399999997,0.091344774528,0.26581329387647995,0.0,0.0668431829668055,0.15841834363132903,0.09927549534229953,0.9242548616368085,0.16733877494898006,0.20498999931250056,0.20498999931250056,0.18654089937437554,0.09233774519031589,0.25596022966755566,0.09653357233176385,0.12452830830797537,0.4031949893438225,0.2991446695131586,0.4078772537362023,0.17130844656920496
2020-06-29,7,0.6900000000000001,0.7866,0.27530999999999994,0.2532852,0.2796268608,0.23302238399999997,0.045672387264,0.26581329387647995,0.0407580383943936,0.0668431829668055,0.13201528635944088,0.09927549534229953,0.7783198834836282,0.12550408121173504,0.18449099938125052,0.18449099938125052,0.09327044968718777,0.09233774519031589,0.21939448257219057,0.12871142977568514,0.12452830830797537,0.3511698294284905,0.20810063966132772,0.2931617761228954,0.14683581134503282
2020-06-30,7,0.6900000000000001,0.6555,0.27530999999999994,0.20262815999999997,0.2796268608,0.18641790719999998,0.091344774528,0.26581329387647995,0.0407580383943936,0.0668431829668055,0.13201528635944088,0.09927549534229953,0.7539973871247648,0.12550408121173504,0.16399199945000045,0.16399199945000045,0.13057862956206287,0.05540264711418953,0.18282873547682546,0.1126225010537245,0.17987422311152,0.36417611940732353,0.20810063966132772,0.30590794030215174,0.17130844656920496
